BIN,BORO,FEATURE CARRIED,FEATURE CROSSED,RAIL ROAD,BRIDGE TYPE,OTHER OWNER,SPANS,RATING SOURCE,INSPECTION DATE,GENERAL RECOMMENDATION**,Current Rating*,Verbal Rating,DECK AREA (SQ FT),REPLACEMENT COST,X - COORD  (LAT),Y - COORD   (LON),CD,CD2,CD3
1065210,Q,WHITESTONE EXP NB,BCIP,,A,,1,STATE,06/07/2018,5,5.127,GOOD,2480,11160000,40.78975382,-73.82243394,407,,
1066510,B,BRUCKNER EXPWY SVC RD,WESTCHESTER CREEK,,WMA,,17,STATE,09/21/2018,3,3.104,FAIR,35000,157500000,40.8289655,-73.84271079,209,,
1067150,B,NEREID AVE (E 240TH ST),BRONX RIVER PKWY,M,O,,10,STATE,10/12/2017,5,4.379,FAIR,58125,261562500,40.9008213,-73.86084754,212,,
1240090,BM,MACOMBS DAM BRIDGE,HARLEM RIVER,M,WMO,,52,STATE,12/11/2017,5,4.197,FAIR,220000,990000000,40.82810953,-73.93392084,110,204,
1247010,Q,91 PLACE (2247010),LIRR PT WASH BR,L,O,,1,STATE,10/12/2017,6,6.167,VGOOD,2760,12420000,40.74297308,-73.87409987,404,,
1247200,Q,67 AVE PED BR (2247200),LIRR MAIN LINE,L,PED-O,,3,CITY,06/12/2018,4,4.138,FAIR,1300,5850000,40.72349421,-73.85588635,406,,
1247280,Q,51 AVE PED BR (2247280),LIRR MAIN LINE,L,PED-O,,5,CITY,06/15/2018,3,2.883,POOR,700,3150000,40.74130124,-73.95001741,402,,
1247560,Q,METROPOLITAN AVE,LIRR - NY&ATL,LN,O,,2,STATE,09/11/2018,4,4.69,FAIR,20640,92880000,40.71271276,-73.90037355,405,,
2055801,Q,NORTHERN BLVD WB,FLUSHING RIVER,,WO,,40,STATE,09/29/2018,4,4.182,FAIR,71900,323550000,40.76282399,-73.83692912,407,,
2055802,Q,NORTHERN BLVD EB,FLUSHING RIVER,,WO,,40,STATE,09/29/2018,4,4.188,FAIR,78894,355023000,40.76260222,-73.83696302,407,,
205580A,Q,N.BLVD WB TO 678I SB,VACANT LAND,,AR,,16,STATE,05/25/2018,6,4.333,FAIR,8600,38700000,40.76310233,-73.83896721,407,,
2065629,B,BRONX RIVER PKWY,BOSTON RD - BX ZOO,,A,,1,STATE,08/10/2017,5,3.565,FAIR,6669,30010500,40.8540653,-73.87186447,227,,
2065930,Q,HAMILTON PLACE,495I (L.I.E.),,A,,2,STATE,02/27/2018,5,4.972,FAIR,11288,50796000,40.72578524,-73.89973157,405,,
2065940,Q,GRAND AVE,495I (L.I.E.),,A,,2,STATE,10/05/2018,5,4.625,FAIR,12852,57834000,40.72545527,-73.89617463,405,,
2065950,Q,69TH STREET,495I (L.I.E.),,A,,2,STATE,06/23/2017,5,5.458,GOOD,10336,46512000,40.72533553,-73.8948885,405,,
2066002,Q,495I  (2066000),WOODHAVEN BLVD,,A,,2,STATE,06/07/2017,6,4.453,FAIR,25200,113400000,40.73189049,-73.87123043,406,404,
2066100,K,5TH AVE,27X PROSPECT EXPWY,,A,,1,STATE,04/11/2018,5,5.837,GOOD,8800,39600000,40.66397749,-73.99061224,307,,
2066671,B,BRUCKNER EXPWY SB,BRONX RIVER,,WA,,3,STATE,10/06/2017,5,5.611,GOOD,12400,55800000,40.8244058,-73.87255043,202,209,
2066672,B,BRUCKNER EXPWY NB,BRONX RIVER,,WA,,8,STATE,10/16/2017,4,5.373,GOOD,22300,100350000,40.82434224,-73.87252108,202,209,
2066720,B,E 174TH ST,SHERIDAN EXPWY/AMTRAK,A,A,,13,STATE,11/07/2018,4,4.014,FAIR,45942,206739000,40.83539444,-73.88207473,209,203,
206672A,B,174TH ST-NTH PED BRDG,895I - SHERIDAN EXPWY,,PED-A,,4,CITY,04/11/2018,5,4.833,FAIR,1800,8100000,40.83546321,-73.88222277,209,,
206672B,B,174TH ST-STH PED BRDG,895I - SHERIDAN EXPWY,,PED-A,,4,CITY,04/11/2018,5,4.75,FAIR,1900,8550000,40.83532774,-73.88177147,209,,
2066919,BM,WASHINGTON BRIDGE,HARLEM RIVER,M,WO,,9,STATE,10/04/2017,5,5.606,GOOD,128339,577525500,40.84677138,-73.92788109,112,205,204
2075351,B,BRUCKNER EXPWY SB,AMTRAK - CSX,AX,A,,1,STATE,11/30/2018,6,5.365,GOOD,11600,52200000,40.82237037,-73.88686709,202,,
2075352,B,BRUCKNER EXPWY NB,AMTRAK - CSX,AX,A,,1,STATE,11/30/2018,6,5.81,GOOD,10900,49050000,40.8225934,-73.88681332,202,,
2075820,B,E TREMONT AVE,HUTCHINSON RVR PKWY,,A,,2,STATE,10/03/2017,5,4.25,FAIR,10200,45900000,40.84068108,-73.83842805,210,,
2075837,B,WESTCHESTER AVE,HUTCHINSON RVR PKWY,,A,,2,STATE,02/12/2018,4,3.847,FAIR,15858,71361000,40.8428263,-73.83773708,210,211,
2075849,B,BRONX PELHAM PKWY,HUTCHINSON RVR PKWY,,A,,2,STATE,03/29/2018,4,3.882,FAIR,18056,81252000,40.85602492,-73.83280441,210,211,
2075859,B,HUTCHINSON RVR PKWY,HUTCHINSON RIVER,,WMA,,7,STATE,11/17/2017,5,4.433,FAIR,60200,270900000,40.86845024,-73.8215405,210,228,
2076109,B,BE NB SERVICE RD,HUTCHINSON RVR PKWY,,A,,2,STATE,08/09/2017,5,5.765,GOOD,7800,35100000,40.82820447,-73.83695116,210,,
2076129,B,BE SB SERVICE RD,HUTCHINSON RVR PKWY,,A,,2,STATE,01/11/2018,5,6.559,VGOOD,7100,31950000,40.82985913,-73.83755544,210,,
2076640,B,DEPOT PLACE,METRO NORTH RR HUD,XM,O,,11,STATE,05/15/2018,5,4.492,FAIR,26566,119547000,40.84186104,-73.92932634,204,,
2076929,B,BRUCKNER EXPWY,CSX - HUNTS POINT,X,A,,1,STATE,08/21/2017,5,6.071,VGOOD,3800,17100000,40.80087679,-73.9176072,202,,
2229289,M,HHP VIADUCT,AMTRAK - W72 ST - W79 ST,A,A,,145,STATE,12/19/2018,4,3.643,FAIR,213330,959985000,40.78075623,-73.98668142,107,,
222928C,M,PED BR AT W 73RD ST,HHP - AMTRAK,A,PED-A,P,5,CITY,03/20/2018,3,3.688,FAIR,3700,16650000,40.78131638,-73.98621459,107,,
222928D,M,W72ND ST RAMP TO HHP NB,RELIEF,,AR,,1,STATE,06/06/2018,7,6.185,VGOOD,1750,7875000,40.78099891,-73.98706611,107,,
2229290,M,W 79 ST,AMTRAK,A,A,,1,STATE,05/12/2018,5,4.492,FAIR,4500,20250000,40.78517639,-73.98319797,107,,
2229309,M,HHP,RIVERSIDE PARK,,A,,1,STATE,01/10/2018,5,6.565,VGOOD,2263,10183500,40.78895757,-73.98246962,107,,
2229311,M,HHP SB,RAMP TO W 96 ST,,A,,1,STATE,01/25/2018,4,5.913,GOOD,2000,9000000,40.79819228,-73.97582771,107,,
2229312,M,HHP NB,RAMP TO W 96 ST,,A,,1,STATE,01/25/2018,4,5.125,GOOD,2000,9000000,40.79618658,-73.97599046,107,,
2229321,M,HHP SB,RAMP FROM W 96 ST,,A,,1,STATE,01/29/2018,5,6.565,VGOOD,2081,9364500,40.79534103,-73.97787083,107,,
2229322,M,HHP NB,RAMP FROM W 96 ST,,A,,1,STATE,01/29/2018,5,6.565,VGOOD,2000,9000000,40.79803777,-73.97505305,107,,
2229349,M,HHP,W 158 ST,A,A,,44,STATE,12/26/2018,5,3.3,FAIR,140000,630000000,40.8365723,-73.94906735,109,112,
222934A,M,RAMP TO N.B. HHP,AMTRAK WEST SIDE,A,AR,,26,STATE,12/20/2017,4,3.855,FAIR,10800,48600000,40.86698709,-73.93147637,112,,
2229400,M,W 181ST ST PED BRDG,HHP N.B.,,PED-A,P,7,CITY,02/08/2018,4,4.031,FAIR,1500,6750000,40.85218717,-73.94225934,112,,
2229440,B,HHP,KAPPOCK ST,,A,,1,STATE,06/28/2017,5,5,GOOD,5014,22563000,40.8806066,-73.91821691,208,,
2229450,B,W 232ND ST,HHP,,A,,2,STATE,06/27/2017,5,6.467,VGOOD,4900,22050000,40.88465609,-73.91468107,208,,
2229460,B,W 236TH ST PED BRDG,HHP,,PED-A,,3,CITY,07/19/2018,4,4.559,FAIR,2500,11250000,40.88704137,-73.91203439,208,,
2229470,B,W 239TH ST,HHP,,A,,2,STATE,06/02/2017,5,5.421,GOOD,6100,27450000,40.88935473,-73.90875725,208,,
2229480,B,MANHATTAN COLL PKWY,HHP,,A,,3,STATE,06/02/2017,5,6.553,VGOOD,6200,27900000,40.89120519,-73.90794017,208,,
2229490,B,W 246TH ST,HHP,,A,,2,STATE,06/02/2017,5,5.079,GOOD,5600,25200000,40.89360562,-73.90797016,208,,
2229500,B,W 252ND ST,HHP,,A,,2,STATE,01/16/2018,5,5.123,GOOD,4500,20250000,40.89925607,-73.90690609,208,,
2229510,B,RIVERDALE AVE,HHP,,A,,2,STATE,06/27/2017,5,6.026,VGOOD,5200,23400000,40.90067966,-73.90580081,208,,
2229520,B,FIELDSTON ROAD,HHP,,A,,1,STATE,06/26/2017,5,6.5,VGOOD,6600,29700000,40.90124342,-73.90187529,208,,
2229530,B,HHP,BROADWAY,,A,,1,STATE,08/01/2017,5,5.81,GOOD,7500,33750000,40.90029338,-73.89700403,208,,
2229540,B,VAN CRTLDT PARK,HHP,,PED-A,P,2,CITY,09/14/2018,4,4.548,FAIR,3900,17550000,40.89953404,-73.89328996,226,,
2229550,B,VAN CRTLDT EQUES,HHP,,PED-A,P,2,CITY,09/14/2018,4,4.632,FAIR,2100,9450000,40.89976513,-73.89127569,226,,
2229560,B,BRONX PELHAM PKWY,AMTRAK - CSX,AX,A,,3,STATE,11/28/2016,5,5.194,GOOD,24591,110659500,40.85644956,-73.83537936,211,,
2229579,B,BOSTON ROAD,HUTCHINSON RIVER,,WO,,14,STATE,05/10/2018,4,4.167,FAIR,95683,430573500,40.88744382,-73.82456326,212,,
2230000,K,HIGHLAND BLVD E.B.,JACKIE ROBINSON PKWY,,A,,1,STATE,02/01/2018,5,5.417,GOOD,4900,22050000,40.67980022,-73.89686619,305,,
2230010,K,HIGHLAND BLVD W.B.,JACKIE ROBINSON PKWY,,A,,1,STATE,02/01/2018,5,4.6,FAIR,3500,15750000,40.67981491,-73.89695475,305,,
2230020,K,HIGHLAND BLVD W.B.,JR PKWY E.B. ENTR RAMP,,A,,2,STATE,02/02/2018,5,4.879,FAIR,4700,21150000,40.6798376,-73.89684682,305,,
2230040,Q,CYPRESS HILLS ST,JACKIE ROBINSON PKWY,,A,,1,STATE,04/26/2018,5,5.633,GOOD,5098,22941000,40.69224114,-73.88238102,405,,
2230099,Q,JACKIE ROBINSON PKWY,CYPRESS HILLS CEMETRY,,A,,1,STATE,01/19/2018,5,4.444,FAIR,3842,17289000,40.69620411,-73.87473357,405,,
2230120,Q,MYRTLE AVE,JACKIE ROBINSON PKWY,,A,,1,STATE,04/23/2018,5,6.256,VGOOD,6363,28633500,40.70293491,-73.85824109,405,482,
2230179,Q,JACKIE ROBINSON PKWY,METROPOLITAN AVE,,A,,2,STATE,04/09/2018,5,6.167,VGOOD,8673,39028500,40.70897037,-73.84152545,482,,
2230180,Q,UNION TPKE,JACKIE ROBINSON PKWY,,A,,1,STATE,02/06/2018,6,5.344,GOOD,5426,24417000,40.71068165,-73.83742852,482,,
2230190,Q,MARKWOOD ROAD,JACKIE ROBINSON PKWY,,A,,1,STATE,02/06/2018,5,4.733,FAIR,4400,19800000,40.71175014,-73.83606828,482,406,
2230209,Q,QUEENS BLVD,JACKIE ROBINSON PKWY,T,A,,5,STATE,05/30/2018,5,5.81,GOOD,30858,138861000,40.71434557,-73.83106985,409,,
2230220,K,HIGHLAND BLVD NB,VERMONT ST,,A,,1,STATE,05/15/2017,6,5.889,GOOD,3995,17977500,40.68026272,-73.895987,305,,
2230250,B,MOSHOLU PARKWAY,BRONX RIVER,,WA,,5,STATE,01/08/2018,5,5.207,GOOD,16300,73350000,40.86684177,-73.87426426,227,,
2230260,B,MOSHOLU PARKWAY,METRO NORTH,M,A,,1,STATE,04/23/2018,6,6.25,VGOOD,8880,39960000,40.8680339,-73.87967882,227,207,
2230270,B,MOSHOLU PARKWAY,WEBSTER AVE,,A,,1,STATE,05/24/2017,5,5.847,GOOD,8480,38160000,40.86919649,-73.88038413,207,,
2230287,B,JEROME AVE,MOSHOLU PARKWAY,T,A,,3,STATE,05/30/2017,5,5.706,GOOD,11800,53100000,40.87974374,-73.88465862,207,,
2230290,B,MOSHOLU PARKWAY,EQUESTRIAN PATH,,A,,1,STATE,01/09/2018,6,6.44,VGOOD,4300,19350000,40.89941612,-73.88531466,226,,
2230300,B,MOSHOLU PARKWAY,CONRAIL (ABANDONED),,A,,1,STATE,07/09/2018,5,6.297,VGOOD,4600,20700000,40.90028379,-73.88648521,226,,
2230310,B,MOSHOLU PARKWAY,SB RAMP TO HHP,,A,,2,STATE,08/30/2017,5,4.161,FAIR,7400,33300000,40.90021797,-73.89006454,226,,
2230350,K,SUMMIT ST PED BRDG,278I  (B.Q.E.),,PED-A,,2,CITY,05/04/2018,4,4.543,FAIR,1400,6300000,40.68193846,-74.00245172,306,,
2230360,K,UNION ST,278I  (B.Q.E.),,A,,2,STATE,03/23/2018,4,5.931,GOOD,4965,22342500,40.68395664,-74.00146891,306,,
2230370,K,SACKETT ST,278I  (B.Q.E.),,A,,2,STATE,03/23/2018,5,5.931,GOOD,4965,22342500,40.68457472,-74.0011302,306,,
2230380,K,KANE ST,278I  (B.Q.E.),,A,,2,STATE,04/09/2018,4,5.299,GOOD,5000,22500000,40.68730704,-73.99987844,306,,
2230390,K,CONGRESS ST,278I  (B.Q.E.),,A,,2,STATE,04/09/2018,6,6.691,VGOOD,5000,22500000,40.68914782,-73.99889381,306,,
2230410,K,278I EB (B.Q.E.),WASHINGTON ST,,A,,1,STATE,05/03/2018,4,6.094,VGOOD,2500,11250000,40.70152952,-73.9897951,302,,
2230420,K,278I WB (B.Q.E.),WASHINGTON ST,,A,,1,STATE,05/03/2018,5,6.359,VGOOD,2500,11250000,40.70126446,-73.98982406,302,,
2230430,K,278I  (B.Q.E.) RAMP TO BKLN BRDG,PROSPECT ST,,A,,1,STATE,01/03/2018,5,6.615,VGOOD,1100,4950000,40.70062963,-73.98696616,302,,
2230440,K,278I WB (B.Q.E.),ADAMS ST,,A,,1,STATE,01/11/2018,5,6.067,VGOOD,2550,11475000,40.70159544,-73.98859381,302,,
2230450,K,278I EB (B.Q.E.),ADAMS ST,,A,,1,STATE,01/12/2018,5,6.267,VGOOD,2618,11781000,40.70135115,-73.9885671,302,,
2230460,K,278I  (B.Q.E.),PEARL ST,,A,,1,STATE,01/12/2018,5,5.8,GOOD,4484,20178000,40.70117214,-73.98783071,302,,
2230470,K,278I  (B.Q.E.),JAY ST,,A,,1,STATE,01/12/2018,5,6.2,VGOOD,5092,22914000,40.7010523,-73.98678575,302,,
2230480,K,278I  (B.Q.E.),PROSPECT ST,,A,,1,STATE,02/01/2018,5,4.814,FAIR,8690,39105000,40.70056831,-73.98536931,302,,
2230490,K,278I  (B.Q.E.),SANDS ST,,A,,1,STATE,02/23/2018,5,5.279,GOOD,11025,49612500,40.69980932,-73.98458489,302,,
2230500,K,278I  (B.Q.E.),RAMP TO BQE EB,,A,,1,STATE,02/08/2018,5,5.267,GOOD,1306,5877000,40.69901435,-73.98412942,302,,
2230510,K,278I  (B.Q.E.),NASSAU ST,,A,,6,STATE,05/04/2018,5,5.551,GOOD,51696,232632000,40.69836743,-73.98304288,302,,
2230520,Q,65TH PLACE,278I  (B.Q.E.),,A,,2,STATE,02/08/2018,6,5.764,GOOD,11668,52506000,40.74010095,-73.89975075,402,,
2230530,Q,QUEENS BLVD,278I  (B.Q.E.),,A,,2,STATE,08/16/2018,6,5.833,GOOD,262208,1179936000,40.74082285,-73.89888511,402,,
2230540,Q,WOODSIDE AVE,278I  (B.Q.E.),,A,,1,STATE,02/09/2018,5,5.719,GOOD,7308,32886000,40.74287518,-73.89637522,402,,
2230550,Q,69TH ST,278I  (B.Q.E.),,A,,2,STATE,03/01/2018,5,5.982,GOOD,12600,56700000,40.74335807,-73.89573675,402,,
2230560,Q,70TH ST,278I  (B.Q.E.),,A,,2,STATE,08/15/2018,6,5.94,GOOD,8580,38610000,40.74418221,-73.89494015,402,,
2230570,Q,41ST AVE,278I  (B.Q.E.),,A,,2,STATE,08/15/2018,6,6.132,VGOOD,8450,38025000,40.74473489,-73.89467639,402,,
2230587,Q,ROOSEVELT AVE,278I  (B.Q.E.),,A,,2,STATE,09/22/2017,5,5.778,GOOD,11022,49599000,40.74647793,-73.89498682,402,,
2230590,Q,BROADWAY / 37TH AVE,278I  (B.Q.E.),,A,,2,STATE,10/09/2018,6,5.621,GOOD,16000,72000000,40.74875731,-73.8962783,402,,
2230600,Q,STEINWAY ST,278I WB (BQE),,A,,1,STATE,06/18/2018,6,6.186,VGOOD,5229,23530500,40.76898882,-73.91076614,401,,
2230610,Q,STEINWAY ST,278I EB (BQE),,A,,1,STATE,06/19/2018,6,6.465,VGOOD,5146,23157000,40.76923811,-73.910454,401,,
2230620,Q,37TH ST,278I  (B.Q.E.),,A,,2,STATE,05/14/2018,5,5.083,GOOD,5110,22995000,40.76945002,-73.91269515,401,,
2230630,Q,35TH ST,278I  (B.Q.E.),,A,,4,STATE,05/14/2018,5,4.986,FAIR,8534,38403000,40.76973676,-73.91461667,401,,
2230640,Q,32ND ST,278I  (B.Q.E.),,A,,2,STATE,08/15/2017,5,4.611,FAIR,8100,36450000,40.77014718,-73.91666266,401,,
2230657,Q,31ST ST,278I  (B.Q.E.) - NYCTA,,A,,2,STATE,10/02/2018,5,5.431,GOOD,9957,44806500,40.77057477,-73.91751791,401,,
2230669,Q,278I  (B.Q.E.),35TH AVE,,A,,1,STATE,07/18/2017,6,6.614,VGOOD,13530,60885000,40.75050813,-73.89717687,402,,
2230679,Q,278I  (B.Q.E.),34TH AVE,,A,,1,STATE,07/06/2017,6,5.789,GOOD,7793,35068500,40.75242116,-73.89756875,402,,
2230710,Q,278I SB  (BQE WEST LEG),32ND AVE,,A,,1,STATE,07/31/2017,6,6.246,VGOOD,5240,23580000,40.75624719,-73.89949124,401,,
2230720,Q,278I SB  (BQE EAST LEG),278I NB (BQE WEST LEG),,A,,3,STATE,06/19/2017,6,5.696,GOOD,20896,94032000,40.75620238,-73.89988563,401,,
2230730,Q,31ST AVE,278I NB  (BQE WEST LEG),,A,,1,STATE,06/16/2017,6,5.633,GOOD,5875,26437500,40.75779269,-73.89972975,401,,
2230740,Q,278I SB (BQE WEST LEG),31ST AVE,,A,,1,STATE,06/16/2017,6,6.191,VGOOD,5246,23607000,40.75771145,-73.90051998,401,,
2230750,Q,278I SB (BQE EAST LEG),31ST AVE,,A,,1,STATE,06/19/2017,6,6.474,VGOOD,4221,18994500,40.75766785,-73.90095286,401,403,
2230770,Q,278I (BQE WEST LEG),30TH AVE,,A,,1,STATE,05/25/2017,6,6.246,VGOOD,6199,27895500,40.75958503,-73.90138315,401,,
2230780,Q,278I (BQE EAST LEG),30TH AVE,,A,,1,STATE,05/25/2017,6,6.033,VGOOD,7071,31819500,40.75959202,-73.90152711,403,401,
2230790,Q,BULOVA AVE,278I (BQE WEST LEG),,A,,2,STATE,04/26/2018,5,5.75,GOOD,3300,14850000,40.76083754,-73.9019632,401,,
2230800,Q,49TH ST,278I (BQE WEST LEG),,A,,2,STATE,04/26/2018,5,5.083,GOOD,5304,23868000,40.76595733,-73.90341076,401,,
2230810,Q,ASTORIA BLVD EB,278I (BQE WEST LEG),,A,,4,STATE,06/01/2017,4,4.779,FAIR,8200,36900000,40.76858696,-73.90478702,401,,
2230820,Q,47TH ST,GCP,,A,,2,STATE,05/01/2018,5,4.236,FAIR,5824,26208000,40.76799668,-73.9039856,401,,
2230830,Q,278I NB (BQE WEST LEG),GCP,,A,,2,STATE,05/01/2018,5,4.139,FAIR,7176,32292000,40.76849153,-73.90505067,401,,
2230840,Q,44TH ST,278I  (B.Q.E.),,A,,2,STATE,05/02/2018,5,4.306,FAIR,5586,25137000,40.7686579,-73.906977,401,,
2230857,K,278I WB (B.Q.E.),JORALEMON ST,,A,,1,STATE,03/28/2018,5,6.152,VGOOD,2100,9450000,40.69377699,-73.9988382,302,,
2230858,K,278I EB (B.Q.E.),JORALEMON ST / BQE WB,,A,,1,STATE,11/02/2017,4,5.763,GOOD,2564,11538000,40.69385207,-73.99919506,302,,
2230869,Q,QUEENS BLVD,ACCESS RD BQE S.B.,,A,,1,STATE,08/20/2018,6,5.703,GOOD,11385,51232500,40.74099875,-73.9019056,402,,
2230870,K,COLUMBIA HEIGHTS,278I  (B.Q.E.),,A,,1,STATE,08/17/2018,4,5.483,GOOD,12095,54427500,40.70075749,-73.99511395,302,,
2230887,K,278I W.B.  (B.Q.E.),CADMAN PLAZA,,A,,2,STATE,08/14/2018,4,4.861,FAIR,4500,20250000,40.7015132,-73.98974312,302,,
2230888,K,278I E.B.  (B.Q.E.),CADMAN PLAZA / 278I WB,,A,,2,STATE,08/14/2018,5,5.373,GOOD,4500,20250000,40.70154032,-73.98975454,302,,
2230890,Q,49TH ST,GCP,,A,,2,STATE,07/02/2018,5,5.259,GOOD,6350,28575000,40.76758402,-73.90187083,401,,
2231249,K,BSHP,BAY RIDGE AVE,,A,,1,STATE,04/09/2018,7,6.885,VGOOD,5024,22608000,40.63897368,-74.03645498,310,,
2231250,K,81ST ST PED BRDG,BSHP,,PED-A,P,5,CITY,03/09/2018,4,4.431,FAIR,3100,13950000,40.62956619,-74.04005644,310,,
2231260,K,92ND ST PED BRDG,BSHP,,PED-A,P,6,CITY,08/01/2018,4,4,FAIR,3000,13500000,40.62073814,-74.04043689,310,,
2231270,K,4TH AVE,BSHP,,A,,2,STATE,03/20/2018,5,5.353,GOOD,6100,27450000,40.61066226,-74.03563055,310,,
2231290,K,BAY 8TH ST,BSHP,,A,,1,STATE,05/24/2017,6,6.46,VGOOD,4950,22275000,40.60373951,-74.01912189,311,,
2231300,K,17TH AVE PED BRDG,BSHP,,PED-A,P,1,CITY,08/03/2018,3,3.702,FAIR,2100,9450000,40.60212515,-74.01152669,311,,
2231319,K,BSHP,BAY PKWY,,A,,1,STATE,06/28/2017,4,4.833,FAIR,7198,32391000,40.59597343,-73.99995576,311,,
2231329,K,BSHP,26TH AVE,,A,,1,STATE,03/28/2018,5,6.231,VGOOD,6700,30150000,40.58977022,-73.99283977,313,,
2231330,K,27TH AVE PED BRDG,BSHP,,PED-A,P,1,CITY,02/01/2018,4,4.156,FAIR,2100,9450000,40.58776735,-73.99150039,313,,
2231340,K,CROPSEY AVE,BSHP,,A,,2,STATE,04/27/2018,5,5.819,GOOD,13100,58950000,40.58417413,-73.9868095,313,,
2231360,K,BSHP,OCEAN PKWY,,A,,3,STATE,05/01/2018,6,6.4,VGOOD,29637,133366500,40.58396242,-73.96673993,313,,
2231370,K,GUIDER AV RAMP TO BSHP,BSHP,,A,,4,STATE,08/30/2018,7,6.542,VGOOD,10818,48681000,40.58417292,-73.96193426,313,,
2231380,K,CONEY ISLAND AVE,BSHP,,A,,4,STATE,10/27/2017,6,5.389,GOOD,19866,89397000,40.5846443,-73.9601481,313,,
2231390,K,E 12TH ST,BSHP,,A,,4,STATE,04/23/2018,5,5.333,GOOD,15908,71586000,40.58502939,-73.95761271,315,,
2231409,K,BSHP,SHEEPSHEAD BAY ROAD,,A,,1,STATE,03/29/2018,5,4.754,FAIR,6794,30573000,40.58455035,-73.95093864,315,,
2231419,K,BSHP,OCEAN AVE,,A,,3,STATE,03/26/2018,4,4.917,FAIR,14000,63000000,40.58457561,-73.94855443,315,,
2231429,K,BSHP,BEDFORD AVE,,A,,3,STATE,04/13/2018,4,4.375,FAIR,11941,53734500,40.58495562,-73.94379834,315,,
2231439,K,BSHP,NOSTRAND AVE,,A,,3,STATE,05/16/2018,4,3.486,FAIR,11154,50193000,40.58571369,-73.93910441,315,,
2231449,K,KNAPP ST,BSHP,,A,,1,STATE,04/04/2018,5,3.844,FAIR,9398,42291000,40.58571514,-73.93132159,315,,
2231450,K,BSHP,GERRITSEN INLET,,WA,,3,STATE,08/10/2018,7,6.352,VGOOD,60016,270072000,40.58583731,-73.91255296,356,,
2231460,K,FLATBUSH AVE,BSHP,,A,,2,STATE,10/30/2017,6,6.206,VGOOD,14058,63261000,40.59655596,-73.90782371,356,,
2231471,K,BSHP WB,MILL BASIN,,WA,,17,STATE,02/27/2018,7,6.507,VGOOD,143262,644679000,40.60442294,-73.89941344,318,,
2231472,K,BSHP EB,MILL BASIN,,WA,,17,STATE,02/27/2018,7,6.507,VGOOD,191281,860764500,40.60465756,-73.89869239,318,,
2231481,K,BSHP WB,PAERDEGAT BASIN,,WA,,3,STATE,10/19/2017,7,6.449,VGOOD,50325,226462500,40.62209339,-73.89684439,318,,
2231482,K,BSHP EB,PAERDEGAT BASIN,,WA,,5,STATE,10/03/2018,7,6.606,VGOOD,82308,370386000,40.62211361,-73.89655172,318,,
2231499,K,BSHP,ROCKAWAY PKWY,,A,,1,STATE,10/04/2018,7,6.667,VGOOD,10368,46656000,40.63048317,-73.88596385,356,,
2231509,K,BSHP,FRESH CREEK,,WA,,3,STATE,11/02/2017,7,6.167,VGOOD,40095,180427500,40.63822469,-73.87857623,356,,
2231519,K,PENNSYLVANIA AVE,BSHP,,A,,2,STATE,06/01/2017,6,5.569,GOOD,6636,29862000,40.64331636,-73.87618193,356,,
2231559,Q,CROSS BAY BLVD,BSHP,,A,,4,STATE,05/23/2018,5,4.778,FAIR,24690,111105000,40.66608668,-73.84157881,410,,
2231560,Q,S CONDUIT BLVD,BSOP,,A,,2,STATE,06/06/2018,5,5.319,GOOD,15776,70992000,40.66690913,-73.83876661,410,,
2231570,Q,COHANCY ST,BSOP,,A,,2,STATE,04/11/2018,5,5.368,GOOD,6441,28984500,40.66638862,-73.83486324,410,,
2231590,Q,130TH ST,BSOP,,A,,2,STATE,01/11/2018,5,5.053,GOOD,6800,30600000,40.66663508,-73.81045293,410,,
2231610,Q,GUY R. BREWER BLVD,BSOP,,A,,4,STATE,08/02/2017,6,5.347,GOOD,12342,55539000,40.66744078,-73.77115229,413,,
2231620,Q,FARMERS BLVD,BSOP,,A,,2,STATE,05/09/2018,4,5.421,GOOD,6400,28800000,40.66697383,-73.76698084,413,,
2231630,Q,SPRINGFIELD BLVD,BSOP,,A,,2,STATE,05/14/2018,4,5.632,GOOD,8500,38250000,40.66596758,-73.75798884,413,,
2231640,Q,225TH ST,BSOP,,A,,2,STATE,05/30/2018,5,5.553,GOOD,6968,31356000,40.66583833,-73.7521331,413,,
2231650,Q,SUNRISE HWY W.B.,BLP E.B.,,A,,1,STATE,05/07/2018,4,4.554,FAIR,4100,18450000,40.66590948,-73.74076632,413,,
2231660,Q,SUNRISE HWY W.B.,BLP W.B.,,A,,2,STATE,04/03/2018,5,4.915,FAIR,5476,24642000,40.66599284,-73.74116099,413,,
2231670,Q,N CONDUIT AVE WB,BLP E.B.,,A,,1,STATE,01/31/2018,5,4.733,FAIR,4000,18000000,40.66642889,-73.73987456,413,,
2231680,Q,N CONDUIT AVE WB,BLP W.B.,,A,,2,STATE,02/01/2018,5,5,GOOD,6517,29326500,40.66632975,-73.74039741,413,,
2231690,Q,FRANCIS LEWIS BLVD,BLP E.B.,,A,,1,STATE,04/06/2018,5,4.692,FAIR,6000,27000000,40.66852028,-73.73791417,413,,
2231700,Q,FRANCIS LEWIS BLVD,BLP W.B.,,A,,1,STATE,03/29/2018,5,5.692,GOOD,5986,26937000,40.66880201,-73.73811877,413,,
2231710,Q,MERRICK BLVD,BLP N.B.,,A,,1,STATE,01/16/2018,4,5.154,GOOD,5976,26892000,40.67379332,-73.73427036,413,,
2231720,Q,MERRICK BLVD,BLP S.B.,,A,,1,STATE,01/18/2018,4,5.462,GOOD,6000,27000000,40.67379727,-73.73459124,413,,
2231730,Q,130TH AVE,BLP N.B.,,A,,1,STATE,01/26/2018,5,5.231,GOOD,4400,19800000,40.67867772,-73.72970945,413,,
2231740,Q,130TH AVE,BLP S.B.,,A,,1,STATE,01/29/2018,5,4.231,FAIR,4400,19800000,40.67884179,-73.72992541,413,,
2231750,Q,LINDEN BLVD,BCIP,,A,,2,STATE,02/26/2018,4,4.605,FAIR,6716,30222000,40.69067126,-73.72668236,413,,
2231760,Q,BCIP,DUTCH BROADWAY-115 AVE,,A,,1,STATE,02/14/2018,4,4.474,FAIR,7300,32850000,40.69703838,-73.72702245,413,,
2231770,Q,BELMONT PARK SO. RAMP,BCIP,,AR,P,1,STATE,02/26/2018,5,5.25,GOOD,3161,14224500,40.70580637,-73.72725539,413,,
2231780,Q,HEMPSTEAD AVE,BCIP,,A,,2,STATE,01/24/2018,4,3.588,FAIR,14200,63900000,40.71127832,-73.72859238,413,,
2231790,Q,BELMONT PARK NO. RAMP,BCIP,,AR,P,1,STATE,02/02/2018,5,4.672,FAIR,3400,15300000,40.71921667,-73.72650446,413,,
2231800,Q,SUPERIOR ROAD,BCIP,,A,,2,STATE,04/19/2018,5,5.947,GOOD,6837,30766500,40.72057917,-73.7257088,413,,
2231819,Q,JAMAICA AVE,BCIP,,A,,2,STATE,05/14/2018,5,4.921,FAIR,12240,55080000,40.72438747,-73.72458877,413,,
2231829,Q,BRADDOCK AVE,BCIP,,A,,2,STATE,08/07/2018,5,4.872,FAIR,10600,47700000,40.72545733,-73.72440578,413,,
2231840,Q,HILLSIDE AVE,BCIP,,A,,2,STATE,05/02/2018,4,4.269,FAIR,9672,43524000,40.73421739,-73.72264186,413,,
2231850,Q,UNION TPKE,BCIP,,A,,2,STATE,05/09/2018,4,4.158,FAIR,16720,75240000,40.74089099,-73.72665982,413,,
2231860,Q,W ALLEY ROAD,BCIP,,A,,2,STATE,08/21/2017,5,5.789,GOOD,7200,32400000,40.75167236,-73.74265744,411,,
2231870,Q,NORTHERN BLVD,BCIP,,A,,2,STATE,06/15/2018,6,5.736,GOOD,9400,42300000,40.76228374,-73.75696756,411,,
2231880,Q,CROCHERON PK PED,BCIP,,PED-A,P,9,CITY,06/27/2018,4,3.984,FAIR,2300,10350000,40.77233914,-73.7640712,411,,
2231890,Q,28TH AVE PED BRDG,BCIP,,PED-A,P,24,CITY,06/15/2018,4,4.431,FAIR,7600,34200000,40.77870465,-73.76828178,411,,
2231900,Q,BCIP,TOTTEN AVE,,A,,1,STATE,06/20/2018,5,4.891,FAIR,4900,22050000,40.78940089,-73.78204091,407,,
2231910,Q,UTOPIA PKWY,BCIP,,A,,2,STATE,02/27/2018,5,4.529,FAIR,7200,32400000,40.78632203,-73.79499186,407,,
2231920,Q,160TH ST,BCIP,,A,,2,STATE,08/10/2017,6,5.611,GOOD,5580,25110000,40.78607419,-73.80238142,407,,
2231930,Q,FRANCIS LEWIS BLVD,BCIP,,A,,3,STATE,01/24/2018,5,4.971,FAIR,9100,40950000,40.78636751,-73.80621688,407,,
2231940,Q,CLINTONVILLE ST,BCIP,,A,,2,STATE,01/24/2018,5,4.529,FAIR,7400,33300000,40.78674158,-73.81006296,407,,
2231950,Q,150TH ST,BCIP,,A,,2,STATE,01/24/2018,5,4.176,FAIR,5900,26550000,40.7871826,-73.81332864,407,,
2231960,Q,149TH ST,BCIP,,A,,2,STATE,01/24/2018,5,4.632,FAIR,6210,27945000,40.78786511,-73.81595335,407,,
2231970,Q,14TH AVE,BCIP,,A,,2,STATE,01/24/2018,5,4.658,FAIR,8100,36450000,40.78815244,-73.81678347,407,,
2231980,Q,147TH ST,BCIP,,A,,2,STATE,02/05/2018,5,4.765,FAIR,6300,28350000,40.78921242,-73.81937373,407,,
223201A,M,FDR DR N.B. OFF RMP,FDR DR & SOUTH ST,,AR,,17,STATE,07/02/2018,6,4.785,FAIR,27786,125037000,40.70722444,-74.00075556,101,,
223201B,M,STH ST RMP TO FDR S.B.,SOUTH ST,,AR,,10,STATE,09/26/2018,5,4.277,FAIR,10657,47956500,40.70811706,-73.99993836,101,,
223201C,M,FDR DR S.B. OFF RMP,SOUTH ST,,AR,,8,STATE,02/21/2018,5,5.567,GOOD,11924,53658000,40.70850062,-73.99923437,103,,
223201D,M,RAMP TO N.B. FDR DRIVE,FDR & SOUTH ST.,,AR,,22,STATE,02/26/2018,5,4.746,FAIR,15825,71212500,40.7081832,-73.99898422,101,103,
2232029,M,CORLEARS PARK ROAD,FDR DRIVE,,A,P,4,STATE,10/31/2018,4,4.169,FAIR,4115,18517500,40.71163585,-73.97843975,103,,
2232030,M,DELANCEY ST PED BRDG,FDR DRIVE,,PED-A,P,12,CITY,04/18/2018,4,4.357,FAIR,3390,15255000,40.71448332,-73.97664216,103,,
2232040,M,HOUSTON ST,FDR DRIVE,,A,,2,STATE,07/21/2017,7,6.552,VGOOD,11184,50328000,40.71891742,-73.97498821,103,,
223204A,M,FDR NB RAMP TO HOUSTON ST,RELIEF,,AR,,4,STATE,01/18/2018,5,5.97,GOOD,7450,33525000,40.71794792,-73.97488648,103,,
223204B,M,HOUSTON ST RAMP TO FDR NB,RELIEF,,AR,,4,STATE,01/18/2018,5,5.976,GOOD,7150,32175000,40.71998493,-73.9745804,103,,
2232050,M,E 6TH ST PED BRDG,FDR DRIVE,,PED-A,P,19,CITY,04/14/2018,4,4.093,FAIR,2200,9900000,40.72162602,-73.97477087,103,,
2232070,M,E 25TH ST PED BRDG,FDR DRIVE,,PED-A,,3,CITY,04/15/2018,4,4.6,FAIR,1700,7650000,40.73696484,-73.9747377,106,,
2232100,M,E 51ST ST PED BRDG,FDR DRIVE,,PED-A,P,6,CITY,06/29/2018,4,4.067,FAIR,2800,12600000,40.7535603,-73.96332489,106,,
2232110,M,E 63TH ST PED BRDG,FDR DRIVE,,PED-A,P,11,PRIV,11/29/2017,6,5.41,GOOD,2100,9450000,40.76117673,-73.95584184,108,,
2232120,M,E 71ST ST PED BRDG,FDR DRIVE,,PED-A,P,19,CITY,06/30/2018,5,4.761,FAIR,3700,16650000,40.76520417,-73.95205029,108,,
2232140,M,E 78TH ST PED BRDG,FDR DRIVE,,PED-A,P,13,CITY,07/11/2018,7,6.653,VGOOD,5226,23517000,40.76956015,-73.94829654,108,,
2232167,M,PROMENADE OVER FDR,FDR - E81ST ST - E90TH ST,,PED-A,P,53,STATE,08/09/2017,4,4,FAIR,93000,418500000,40.77141457,-73.94627204,108,,
2232180,M,E 103RD ST PED BRDG,FDR DRIVE,,PED-A,,18,CITY,07/11/2018,4,4.683,FAIR,6807,30631500,40.78678724,-73.93877573,111,,
2232190,M,E 111TH ST PED BRDG,FDR DRIVE,,PED-A,P,9,CITY,08/23/2018,4,4.128,FAIR,4254,19143000,40.79170432,-73.9354072,111,,
2232200,M,E 120TH ST PED BRDG,FDR DRIVE,,PED-A,P,18,CITY,09/07/2018,4,4.143,FAIR,3978,17901000,40.79689701,-73.92928583,111,,
2233020,M,E 10TH ST PED BRDG,FDR DRIVE,,PED-A,P,21,CITY,04/15/2018,4,4.365,FAIR,2754,12393000,40.7240792,-73.97331085,103,,
2233038,M,FDR DRIVE SB,FDR NB / E 62ND ST,,AT,,34,STATE,10/02/2018,6,6.261,VGOOD,65812,296154000,40.76014258,-73.95745329,106,108,
2233040,M,E 60TH ST,FDR DRIVE,,A,P,17,STATE,08/04/2017,4,4.836,FAIR,23000,103500000,40.75903627,-73.95865082,108,,
2233051,M,HARLEM RIVER DRIVE SB,NB HRD RAMP TO E127TH ST,,A,,9,STATE,06/07/2018,7,6.275,VGOOD,56037,252166500,40.80301812,-73.93059917,111,,
2233080,K,E 14 ST PED BRDG,BSHP,,PED-A,,14,CITY,07/02/2018,4,4.113,FAIR,4700,21150000,40.58507262,-73.95424704,315,,
2240019,KM,BROOKLYN BRIDGE,EAST RIVER,,WEO,,75,STATE,11/12/2018,3,4.153,FAIR,503788,2267046000,40.70556588,-73.99613759,103,302,101
224001A,M,PARK ROW TO BKLN,WILLIAM ST N.B.,,OE,,4,STATE,08/15/2018,5,5.215,GOOD,9300,41850000,40.71176869,-74.00443994,101,,
224001B,M,TO BKLN FRM FDR,FRANKFORT & PEARL ST,,OE,,31,STATE,08/15/2018,5,5.154,GOOD,63241,284584500,40.71026852,-74.0025179,101,103,
224001C,M,PEARL ST TO BKLN,LAND ADJ TO BRDG,,OE,,9,STATE,06/21/2018,4,3.644,FAIR,6365,28642500,40.71023938,-74.00237546,101,,
224001D,M,TO FDR DR N.B.,PEARL STREET,,OE,,30,STATE,07/12/2018,5,4.763,FAIR,57216,257472000,40.70959779,-74.00103109,101,103,
224001E,M,TO PEARL ST,LAND ADJ TO BRDG,,OE,,3,STATE,05/25/2018,5,5.217,GOOD,5490,24705000,40.71081996,-74.00210705,101,,
224001F,M,PEARL ST TO FDR DR,LAND ADJ TO BRDG,,OE,,3,STATE,06/01/2018,6,5.29,GOOD,5200,23400000,40.70929967,-74.00038198,103,,
224001G,M,TO PARK ROW,ROSE ST,,OE,,8,STATE,08/15/2018,5,5.101,GOOD,16578,74601000,40.71167519,-74.00366541,101,,
2240027,KM,MANHATTAN BRIDGE(LL),EAST RIVER,T,WEO,,23,STATE,12/26/2018,5,4.347,FAIR,616390,2773755000,40.70666004,-73.99020719,103,302,
2240028,KM,MANHATTAN BRIDGE(UL),NYCTA TRACKS-BMT,T,WEO,,43,STATE,12/14/2018,5,4.069,FAIR,587424,2643408000,40.70636205,-73.99015939,103,302,
2240039,KM,WILLIAMSBURG BRIDGE,EAST RIVER,T,WEO,,53,STATE,10/19/2018,5,4.264,FAIR,824000,3708000000,40.71330356,-73.9712022,103,301,
2240047,MQ,QUEENSBORO BRIDGE (LL),EAST RIVER,AL,WEO,,53,STATE,12/07/2018,5,4.214,FAIR,626900,2821050000,40.7566178,-73.95416959,108,402,401
2240048,MQ,QUEENSBORO BRIDGE (UL),EAST RIVER - LL,,WEO,,37,STATE,12/05/2018,5,3.51,FAIR,322300,1450350000,40.75671703,-73.95390187,108,402,401
224004A,M,TO E 60TH ST FROM QNS,FIRST AVE,,OE,,13,STATE,03/01/2018,5,6.042,VGOOD,14820,66690000,40.76025735,-73.96146605,108,,
224004B,M,TO QNS FROM E 59TH ST,FIRST AVE,,OE,,13,STATE,03/01/2018,6,6.333,VGOOD,14820,66690000,40.75984551,-73.96175864,108,,
224004C,M,TO E 62ND ST FROM QNS,E 60TH - E 61ST ST,,OE,,10,STATE,06/06/2018,5,5.188,GOOD,18303,82363500,40.76091156,-73.96273057,108,,
224004D,M,TO QNS FROM E 58TH ST,E 59TH ST,,OE,,12,STATE,04/17/2018,5,5.644,GOOD,15042,67689000,40.76048202,-73.9633563,106,108,
224004E,Q,TO NY FR THOMSON AVE,JACKSON AVE,L,OE,,94,STATE,12/17/2018,5,4.444,FAIR,104600,470700000,40.74853055,-73.93777658,402,,
224004F,Q,TO NY FROM 21ST ST,21ST ST,,OE,,63,STATE,11/21/2018,6,4.469,FAIR,63365,285142500,40.75181402,-73.94447061,402,401,
224004G,Q,TO NY FROM 11TH ST,TERRAIN (CHAMBER),,OE,,36,STATE,08/22/2018,6,4.143,FAIR,8410,37845000,40.75739844,-73.95383726,401,402,
224004H,Q,TO 21ST ST FROM NY,22ND ST,,OE,,43,STATE,10/05/2018,5,4.638,FAIR,48100,216450000,40.75155253,-73.94298769,402,,
224004I,Q,TO THOMSON AVE FROM NY,JACKSON AVE,L,OE,,39,STATE,09/21/2018,5,4.593,FAIR,59100,265950000,40.74643402,-73.94014856,402,,
224004J,M,25X TO/FROM 2ND AVE,NYC GARAGE,,OE,,14,STATE,03/14/2018,5,5.317,GOOD,42301,190354500,40.75681452,-73.9544077,108,,
2240059,BM,WILLIS AVE BRIDGE,HARLEM RIVER,,WMO,,15,STATE,10/29/2018,7,6.211,VGOOD,171105,769972500,40.80359516,-73.92936199,111,201,
224005A,M,RAMP FROM FDR DRIVE,HARLEM RIVER DR NB,,OR,,11,STATE,09/27/2018,7,6.623,VGOOD,25224,113508000,40.80168508,-73.92999585,111,,
224005B,B,TO BRUCKNER BLVD,RELIEF,,OR,,4,STATE,09/01/2017,7,6.043,VGOOD,19990,89955000,40.80562171,-73.92515623,201,,
2240069,BM,THIRD AVE BRIDGE,HARLEM RIVER,,WMO,,14,STATE,07/11/2018,6,5.944,GOOD,85382,384219000,40.80748487,-73.93264964,111,201,
224006A,B,FROM BRUCKNER BLVD,PARKING AREA,,OR,,5,STATE,09/01/2017,6,6.406,VGOOD,14037,63166500,40.80820471,-73.93079892,201,,
2240079,BM,MADISON AVE BRIDGE,HARLEM RIVER,,WMO,,21,STATE,09/14/2018,5,4.352,FAIR,80000,360000000,40.81414574,-73.93311254,111,201,
224007A,M,RAMP TO MADISON AVENUE,E 138TH ST,,OR,,7,STATE,02/01/2018,5,5.845,GOOD,20000,90000000,40.81409934,-73.93464096,111,,
2240089,BM,145TH ST BRIDGE,HARLEM RIVER,,WMO,,8,STATE,09/18/2017,7,6.236,VGOOD,56700,255150000,40.81947886,-73.93306695,110,204,201
2240120,BM,W 207TH/W FORDHAM RD,HARLEM RIVER,,WMO,,5,STATE,07/03/2018,5,5.347,GOOD,31784,143028000,40.86271445,-73.91475532,112,207,
2240137,BM,BROADWAY BRIDGE,HARLEM RIVER,TM,WMO,,3,STATE,12/12/2017,4,4.889,FAIR,46944,211248000,40.87396908,-73.91064853,112,207,208
2240138,BM,NYCTA IRT,HARLEM RVR/BROADWAY,TM,WMO,,3,STATE,12/06/2017,5,5.38,GOOD,19520,87840000,40.87346508,-73.91128473,112,207,208
2240180,B,WESTCHESTER AVE,BRONX RIVER,,WO,,1,STATE,08/22/2017,5,5.288,GOOD,5490,24705000,40.82825322,-73.88382693,202,209,
2240200,B,SHORE ROAD,HUTCHINSON RIVER,,WMO,,7,STATE,06/13/2018,4,4.368,FAIR,43836,197262000,40.86200075,-73.81584704,228,,
2240210,B,CITY ISLAND ROAD,EASTCHESTER BAY,,WO,,3,STATE,11/28/2017,7,6.806,VGOOD,40281,181264500,40.8562362,-73.79321653,228,,
2240231,K,HAMILTON AVE BRIDGE,GOWANUS CANAL,,WMO,,3,STATE,07/27/2018,7,4.75,FAIR,7300,32850000,40.67176285,-73.99838711,307,306,
2240232,K,HAMILTON AVE BRIDGE,GOWANUS CANAL,,WMO,,3,STATE,08/25/2017,5,5.278,GOOD,8611,38749500,40.67145787,-73.99854734,306,,
2240240,K,NINTH ST BRIDGE,GOWANUS CANAL,,WMO,,3,STATE,06/07/2017,6,5.704,GOOD,5824,26208000,40.67409137,-73.99646494,306,,
2240250,K,THIRD ST,GOWANUS CANAL,,WMO,,5,STATE,05/05/2017,5,5.541,GOOD,5088,22896000,40.67610041,-73.99014845,306,,
2240260,K,CARROLL ST,GOWANUS CANAL,,WMO,,2,STATE,11/07/2017,5,4.941,FAIR,3024,13608000,40.67817514,-73.98919753,306,,
2240270,K,UNION ST,GOWANUS CANAL,,WMO,,5,STATE,07/20/2018,4,3.514,FAIR,4900,22050000,40.67947668,-73.98834379,306,,
2240290,K,METROPOLITAN AVE,ENGLISH KILLS,,WMO,,5,STATE,07/26/2017,6,5.944,GOOD,10550,47475000,40.71429407,-73.93120898,301,,
2240301,K,CROPSEY AVE SB,CONEY ISLAND CREEK,,WO,,3,STATE,07/26/2017,5,4.389,FAIR,9400,42300000,40.58139084,-73.98598633,313,,
2240302,K,CROPSEY AVE NB,CONEY ISLAND CREEK,,WO,,3,STATE,07/26/2017,5,4.369,FAIR,9400,42300000,40.58148618,-73.98571396,313,,
2240310,K,THIRD AVE,GOWANUS CANAL,,WO,,1,STATE,05/05/2017,6,6.55,VGOOD,3765,16942500,40.67412392,-73.98882257,306,,
2240320,K,OCEAN AVE PED BRDG,SHEEPSHEAD BAY,,PED-WO,,30,CITY,04/23/2018,5,4.935,FAIR,4450,20025000,40.58276168,-73.94825833,315,,
2240350,R,RICHMOND AVE,RICHMOND CREEK,,WO,,3,STATE,05/31/2017,5,5.292,GOOD,32589,146650500,40.56653061,-74.1696779,502,,
2240370,KQ,GREENPOINT AVE BRIDGE,NEWTOWN CREEK,L,WMO,,12,STATE,08/08/2017,5,5.167,GOOD,75320,338940000,40.73328777,-73.94038388,301,402,
2240390,KQ,GRAND ST BRIDGE,NEWTOWN CREEK,,WMO,,2,STATE,11/01/2017,4,4,FAIR,5175,23287500,40.71651019,-73.92271679,301,405,
2240410,Q,BORDEN AVE,DUTCH KILLS,,WMO,,2,STATE,07/14/2017,5,4.426,FAIR,8400,37800000,40.73907188,-73.94282182,402,,
2240440,Q,NORTHERN BLVD,ALLEY CREEK,,WO,,2,STATE,06/15/2018,5,4.269,FAIR,8249,37120500,40.76339902,-73.75184174,411,,
2240450,Q,HUNTERS PT AVE,DUTCH KILLS,,WMO,,4,STATE,06/01/2018,5,5.861,GOOD,12158,54711000,40.7408413,-73.94058958,402,,
2240507,Q,ROOSEVELT AVE,678I - FLUSHING RIVER,,WA,,27,STATE,10/07/2017,4,3.31,FAIR,63847,287311500,40.75703339,-73.83864185,407,481,
2240540,K,STILLWELL AVE,CONEY ISLAND CRK,,WO,,2,STATE,05/15/2017,6,6.313,VGOOD,17000,76500000,40.5827137,-73.98255911,313,,
2240620,M,WARDS ISLAND PED BRDG,HARLEM RIVER,,PED-WMO,,10,CITY,06/07/2018,5,4.933,FAIR,19500,87750000,40.78607922,-73.93702385,111,,
2240639,KQ,PULASKI BRIDGE,NEWTOWN CREEK,,WMO,,44,STATE,05/25/2018,5,4.03,FAIR,206623,929803500,40.73919279,-73.95258891,301,402,
2240640,MQ,ROOSEVELT ISLAND BRDG,E. RIVER E. CHANNEL,,WMO,,8,STATE,09/27/2017,5,5.542,GOOD,39757,178906500,40.76341403,-73.94563293,108,401,
2240650,Q,163RD AVE PED BRDG,HAWTREE BASIN,,PED-WO,,13,CITY,05/30/2018,4,4.522,FAIR,5000,22500000,40.65341494,-73.83171934,410,,
2240660,Q,RIKERS ISLAND BRIDGE,RIKERS ISL CHANNEL,,WO,,56,STATE,10/03/2017,5,3.563,FAIR,183419,825385500,40.78229699,-73.8881267,401,480,
2241000,B,WESTCHESTER AVE,CSX PT MORRIS - (ABANDONED),,O,,1,STATE,08/21/2018,5,6.182,VGOOD,3000,13500000,40.81608687,-73.91287775,201,,
2241010,B,E 156TH STREET,CSX PT MORRIS - (ABANDONED),,O,,1,STATE,03/20/2018,5,4.983,FAIR,2380,10710000,40.81967093,-73.91183314,201,,
2241020,B,E 161ST STREET,CSX PT MORRIS - (ABANDONED),,O,,1,STATE,02/08/2018,6,6.492,VGOOD,12800,57600000,40.82336301,-73.91112466,203,,
2241030,B,E 163RD STREET,CSX PT MORRIS - (ABANDONED),,O,,1,STATE,01/31/2018,5,6.289,VGOOD,3200,14400000,40.82502756,-73.91186685,203,,
2241040,B,THIRD AVE,CSX PT MORRIS - (ABANDONED),,O,,1,STATE,06/20/2018,4,5.641,GOOD,2720,12240000,40.82221647,-73.91102056,201,203,
2241050,B,E 149TH ST/JACKSON AVE,CSX PT MORRIS - (ABANDONED),,O,,1,STATE,04/18/2018,5,4.4,FAIR,6750,30375000,40.81411877,-73.91251014,201,,
2241060,B,ST. MARYS & CONCORD,CSX PT MORRIS - (ABANDONED),,O,,1,STATE,06/18/2018,5,6.023,VGOOD,2600,11700000,40.80859809,-73.90982162,201,,
2241070,B,WALES AVE,CSX PT MORRIS - (ABANDONED),,O,,1,STATE,06/18/2018,6,6.817,VGOOD,2535,11407500,40.80801841,-73.90897623,201,,
2241080,B,SOUTHERN BLVD,CSX PT MORRIS - (ABANDONED),,O,,1,STATE,06/19/2018,5,5.07,GOOD,3900,17550000,40.80739745,-73.90812033,201,,
2241099,B,BRUCKNER BLVD,CSX TRANS - PT MORRIS,X,O,,1,STATE,07/02/2018,6,6.203,VGOOD,6688,30096000,40.8067293,-73.90728796,201,,
2241110,B,MELROSE AVE,CSX PT MORRIS - (ABANDONED),,O,,8,STATE,08/22/2017,6,5.681,GOOD,37854,170343000,40.82592792,-73.91292497,203,,
2241129,B,E 149TH ST,AMTRAK - CSX,AX,O,,2,STATE,12/13/2018,5,5.141,GOOD,18258,82161000,40.80871729,-73.90301426,201,202,
2241139,B,LEGGETT AVE,AMTRAK - CSX,AX,O,,3,STATE,12/14/2018,5,5.563,GOOD,41551,186979500,40.81253625,-73.89700879,202,,
2241159,B,LONGWOOD AVE,AMTRAK - CSX,AX,O,,2,STATE,12/12/2018,5,5.931,GOOD,10625,47812500,40.81539937,-73.89471835,202,,
2241169,B,LAFAYETTE AVE,AMTRAK - CSX,AX,O,,1,STATE,12/08/2018,5,5.814,GOOD,12100,54450000,40.81618274,-73.89393234,202,,
2241170,B,TIFFANY ST,AMTRAK - CSX,AX,O,,1,STATE,12/12/2017,6,6.091,VGOOD,7267,32701500,40.81746383,-73.89266523,202,,
2241180,B,BARRETTO ST,AMTRAK - CSX,AX,O,,1,STATE,12/07/2018,5,5.781,GOOD,5313,23908500,40.81848961,-73.89158933,202,,
2241190,B,HUNTS POINT AVE,AMTRAK - CSX,AX,O,,1,STATE,12/06/2018,5,5.767,GOOD,10049,45220500,40.81972434,-73.89008582,202,,
2241200,B,FAILE ST,AMTRAK - CSX,AX,O,,1,STATE,12/05/2018,6,6.062,VGOOD,6208,27936000,40.82086007,-73.88852009,202,,
2241210,B,BRYANT AVE,AMTRAK - CSX,AX,O,,1,STATE,06/06/2018,7,6.288,VGOOD,4065,18292500,40.8214802,-73.88776644,202,,
2241230,B,WESTCHESTER AVE,AMTRAK - CSX,AX,O,,3,STATE,12/01/2018,6,5.191,GOOD,15600,70200000,40.82817581,-73.88507134,202,209,
2241259,B,204TH ST PED BRDG,METRO NORTH RR HAR,M,PED-O,P,1,CITY,03/14/2018,4,3.845,FAIR,4700,21150000,40.87033951,-73.87620432,227,207,
2241269,B,E 177TH ST,AMTRAK - CSX,AX,O,,3,STATE,11/10/2018,5,5.486,GOOD,16606,74727000,40.83762046,-73.8753791,206,,
2241270,B,E TREMONT AVE,AMTRAK - CSX,AX,O,,2,STATE,11/29/2018,5,4.944,FAIR,22300,100350000,40.83959395,-73.87018655,209,211,
2241329,B,WHITE PLAINS ROAD,AMTRAK - CSX,AX,O,,1,STATE,11/27/2018,5,4.844,FAIR,10238,46071000,40.84170459,-73.86475569,211,,
2241330,B,UNIONPORT ROAD,AMTRAK - CSX,AX,O,,1,STATE,11/17/2018,5,5.016,GOOD,7709,34690500,40.84182,-73.8642461,211,,
2241369,B,WILLIAMSBRIDGE RD,AMTRAK - CSX,AX,O,,2,STATE,11/15/2018,5,5.611,GOOD,6510,29295000,40.84562651,-73.84742367,211,,
2241380,B,PELHAM BAY PK EQUES,AMTRAK - CSX,AX,PED-O,P,1,CITY,03/27/2018,3,3.153,FAIR,7300,32850000,40.88558041,-73.80306841,228,,
2241390,B,SHORE RD CIRCLE,AMTRAK - CSX,AX,O,,1,STATE,11/06/2018,6,6.656,VGOOD,8106,36477000,40.87003605,-73.81276551,228,,
2241409,B,GRAND CONCOURSE,METRO NORTH RR HUD,MT,O,,1,STATE,06/06/2018,4,4.812,FAIR,14300,64350000,40.82047196,-73.92638251,204,,
2241410,B,WALTON AVE,METRO NORTH RR HUD,M,O,,1,STATE,05/10/2018,4,4.855,FAIR,3600,16200000,40.82166378,-73.92725181,204,,
2241420,B,GERARD AVE,METRO NORTH RR HUD,M,O,,1,STATE,04/25/2018,6,6.117,VGOOD,5122,23049000,40.82252988,-73.92781343,204,,
2241430,B,RIVER AVE,METRO NORTH RR HUD,M,O,,1,STATE,09/11/2017,6,5.234,GOOD,5184,23328000,40.82336019,-73.92852891,204,,
2241460,B,W TREMONT AVE,METRO NORTH RR HUD,M,O,,8,STATE,06/08/2018,4,4.508,FAIR,12900,58050000,40.85362638,-73.92020404,205,,
2241470,B,W FORDHAM RD,METRO NORTH RR HUD,M,O,,4,STATE,09/25/2017,6,5.208,GOOD,16052,72234000,40.86208475,-73.91325606,207,,
2241489,B,W 225TH ST,MNRR YARD TRACKS,M,O,,2,STATE,09/04/2018,5,6.075,VGOOD,10900,49050000,40.87334512,-73.90651538,207,208,
2241490,B,W 230TH ST,CSX PUTNAM (ABANDONED),,O,,1,STATE,05/19/2017,5,6.424,VGOOD,5902,26559000,40.87665308,-73.90495972,208,,
2241509,B,W 231ST ST,CSX PUTNAM (ABANDONED),,O,,1,STATE,06/21/2018,5,5.847,GOOD,4723,21253500,40.87860069,-73.90393672,208,,
2241510,B,W 233RD ST,CSX PUTNAM (ABANDONED),,O,,1,STATE,05/15/2017,5,5.043,GOOD,3760,16920000,40.88025938,-73.902576,208,,
2241520,B,W 234TH ST,CSX PUTNAM (ABANDONED),,O,,1,STATE,05/15/2017,5,5.255,GOOD,3770,16965000,40.8811316,-73.9018035,208,,
2241550,B,E 144TH ST,METRO NORTH RR HAR,M,O,,2,STATE,09/25/2017,6,5.417,GOOD,8415,37867500,40.816173,-73.92685701,201,,
2241560,B,E 149TH ST,METRO NORTH RR HAR,M,O,,8,STATE,05/03/2018,5,5.339,GOOD,29800,134100000,40.81811262,-73.92541391,201,204,
2241590,B,CONCOURSE VILLAGE E,METRO NORTH RR HAR,M,O,,1,STATE,04/09/2018,4,4.016,FAIR,12077,54346500,40.82258594,-73.92021813,204,,
2241600,B,E 158TH ST,METRO NORTH RR HAR,M,O,,1,STATE,09/26/2017,5,5.055,GOOD,3400,15300000,40.82353304,-73.91858717,204,,
2241610,B,E 161ST ST,METRO NORTH RR HAR,M,O,,1,STATE,09/25/2017,5,4.818,FAIR,6643,29893500,40.82493854,-73.91641323,204,203,
2241620,B,E 162ND ST,METRO NORTH RR HAR,M,O,,1,STATE,04/24/2018,5,4.927,FAIR,4665,20992500,40.82561697,-73.91525234,203,,
2241630,B,E 165TH ST,METRO NORTH RR HAR,M,O,,1,STATE,04/24/2018,4,4.436,FAIR,16442,73989000,40.82784091,-73.91204193,203,,
2241650,B,E 167TH ST,METRO NORTH RR HAR,M,O,,1,STATE,04/09/2018,5,6.041,VGOOD,3560,16020000,40.83034153,-73.90930908,203,,
2241660,B,E 168TH ST,METRO NORTH RR HAR,M,O,,1,STATE,04/09/2018,5,5.796,GOOD,5896,26532000,40.83191105,-73.90836157,203,,
2241670,B,E 169TH ST,METRO NORTH RR HAR,M,O,,1,STATE,04/09/2018,4,3.594,FAIR,3100,13950000,40.83346759,-73.90743015,203,,
2241680,B,E 170TH ST,METRO NORTH RR HAR,M,O,,1,STATE,04/09/2018,6,6.367,VGOOD,3239,14575500,40.83584242,-73.90609658,203,,
2241700,B,ST PAULS PL PED BRDG,METRO NORTH RR HAR,M,PED-O,,2,CITY,03/15/2018,5,4.746,FAIR,888,3996000,40.83651118,-73.90569612,203,,
2241710,B,CLAREMONT PKWY,METRO NORTH RR HAR,M,O,,1,STATE,03/30/2018,6,6.356,VGOOD,6000,27000000,40.83936792,-73.90409574,203,,
2241720,B,E 173RD ST,METRO NORTH RR HAR,M,O,,1,STATE,04/03/2018,5,4.314,FAIR,3000,13500000,40.84259663,-73.9022,203,,
2241740,B,E 175TH ST,METRO NORTH RR HAR,M,O,,1,STATE,04/03/2018,4,4.203,FAIR,3584,16128000,40.84518695,-73.90068073,206,,
2241760,B,E TREMONT AVE,METRO NORTH RR HAR,M,O,,1,STATE,09/25/2017,6,5.483,GOOD,8541,38434500,40.84736578,-73.89949738,206,,
2241770,B,E 178TH ST PED BRDG,METRO NORTH RR HAR,M,PED-O,,1,CITY,03/11/2018,5,4.921,FAIR,731,3289500,40.84872971,-73.89863455,206,,
2241780,B,E 179TH ST PED BRDG,METRO NORTH RR HAR,M,PED-O,,6,CITY,03/12/2018,5,5.246,GOOD,1011,4549500,40.85011612,-73.89788294,206,,
2241790,B,E 180TH ST,METRO NORTH RR HAR,M,O,,1,STATE,04/24/2018,4,3.8,FAIR,4960,22320000,40.85184697,-73.89687043,206,,
2241800,B,E 183TH ST,METRO NORTH RR HAR,M,O,,1,STATE,04/26/2018,4,4.163,FAIR,4080,18360000,40.85579804,-73.89456458,206,,
2241810,B,E 188TH ST,METRO NORTH RR HAR,M,O,,1,STATE,03/31/2018,4,4.328,FAIR,5300,23850000,40.85933174,-73.89200743,206,,
2241820,B,E 187TH ST,METRO NORTH RR HAR,M,O,,1,STATE,04/26/2018,4,5.255,GOOD,3780,17010000,40.8583138,-73.89283332,206,,
2241839,B,FORDHAM RD - E 189TH ST,METRO NORTH RR HAR,M,O,,1,STATE,09/25/2017,6,5.719,GOOD,39972,179874000,40.86008008,-73.89143128,206,207,
2241840,B,BEDFORD PARK BLVD,METRO NORTH RR HAR,M,O,,1,STATE,04/23/2018,4,4.964,FAIR,6500,29250000,40.86657722,-73.88299003,227,207,
2241860,B,GUN HILL RD,METRO NORTH RR HAR,M,O,,1,STATE,04/13/2018,6,6.567,VGOOD,9109,40990500,40.87848433,-73.87080711,212,,
2241870,B,E 233RD ST,METRO NORTH RR HAR,M,O,,1,STATE,04/23/2018,5,5.441,GOOD,7664,34488000,40.89509112,-73.86280875,212,207,
2241890,B,E 241ST ST,"BRP, METRO NORTH HAR",M,WO,,24,STATE,11/09/2017,4,3.583,FAIR,49500,222750000,40.90579692,-73.85565989,212,,
2241900,B,EASTCHESTER ROAD,NYCTA-DYRE AVE LN,T,O,,3,STATE,10/01/2018,5,4.958,FAIR,13500,60750000,40.87246451,-73.84395267,212,,
2241910,B,GUN HILL ROAD,NYCTA-DYRE AVE LN,T,O,,1,STATE,10/02/2018,6,6.547,VGOOD,7500,33750000,40.87022769,-73.84578148,211,212,
2241930,B,BEDFORD PARK BLVD,NYCTA IND YARDS,T,O,,4,STATE,10/04/2018,6,4.667,FAIR,39525,177862500,40.8737907,-73.89015793,207,,
2241940,B,W 205TH ST,NYCTA IND YARDS,T,O,,4,STATE,10/04/2018,6,6.208,VGOOD,32508,146286000,40.87667792,-73.88898888,207,,
2241959,B,HUTCHINSON RVR PKWY,AMTRAK - CSX,AX,O,,1,STATE,11/14/2018,6,5.683,GOOD,15444,69498000,40.85795455,-73.83072455,210,211,
2242010,B,EAST FORDHAM RD,BRONX RIVER,,WO,,1,STATE,02/12/2018,5,5.286,GOOD,9557,43006500,40.85545057,-73.87679613,227,,
2242029,B,SOUTHERN BLVD,EAST FORDHAM ROAD,,O,,2,STATE,01/22/2018,5,5.947,GOOD,13390,60255000,40.85678108,-73.88068555,227,,
2242030,B,CROTONA AVE,EAST FORDHAM ROAD,,O,,2,STATE,01/22/2018,5,5.447,GOOD,7968,35856000,40.85738215,-73.88189839,206,,
2242071,B,BRONX BLVD S.B.,BRONX RIVER,,WO,,1,STATE,02/22/2018,5,4.333,FAIR,1785,8032500,40.87874732,-73.86917258,212,,
2242072,B,BRONX BLVD N.B.,BRONX RIVER,,WO,,1,STATE,02/22/2018,5,4.524,FAIR,1808,8136000,40.87846213,-73.86901222,212,,
2242081,B,BRONX BLVD S.B.,BRONX RIVER,,WO,,1,STATE,02/09/2018,4,4.333,FAIR,2797,12586500,40.87645648,-73.87028648,212,,
2242082,B,BRONX BLVD N.B.,BRONX RIVER,,WO,,1,STATE,02/09/2018,4,4.905,FAIR,2800,12600000,40.8762386,-73.87007828,212,,
2242099,B,PARK ROAD (204TH ST),BRONX RIVER,,WO,,1,STATE,03/19/2018,5,4.077,FAIR,4700,21150000,40.87059669,-73.87305641,212,,
2242100,B,BOTANICAL GARDEN ROAD,TWIN LAKES,,WO,P,1,STATE,01/30/2018,5,6.048,VGOOD,2074,9333000,40.86853523,-73.87741042,227,,
2242110,B,BOSTON ROAD,BRONX RIVER,,WO,,1,STATE,01/30/2018,5,5.619,GOOD,5276,23742000,40.85282998,-73.87411929,227,,
2242120,B,FTBG N OF RTE 1 (HESTER BRDG),BRONX RIVER,,PED-WO,P,1,CITY,11/30/2018,4,3.63,FAIR,1900,8550000,40.86112802,-73.87531343,227,,
2242149,B,E TREMONT AVE,BRONX RIVER,,WO,,2,STATE,03/20/2018,4,4.847,FAIR,12900,58050000,40.84002474,-73.87840801,206,,
2242210,B,MAGNOLIA WAY,BRONX RIVER,,WO,P,3,STATE,03/26/2018,5,4.618,FAIR,6200,27900000,40.86619084,-73.87510451,227,,
2242220,B,SNUFF MILL ROAD,BRONX RIVER,,WO,P,2,STATE,01/08/2018,4,5.088,GOOD,4800,21600000,40.85902732,-73.87642046,227,,
2242259,B,GRAND CONCOURSE,E 161ST ST,,O,,1,STATE,06/21/2018,6,6.422,VGOOD,27285,122782500,40.82679214,-73.92267899,204,,
2242260,B,EAGLE AVE,E 161ST ST,,O,,1,STATE,01/23/2018,5,4.65,FAIR,2800,12600000,40.82216615,-73.908432,201,203,
2242280,B,GRAND CONCOURSE,E 167TH ST,,O,,2,STATE,06/22/2018,5,5.737,GOOD,34290,154305000,40.83450944,-73.91770667,204,,
2242299,B,GRAND CONCOURSE,E 138TH ST,,O,,1,STATE,06/08/2017,5,5.478,GOOD,9500,42750000,40.81326801,-73.93016629,201,,
2242300,B,GRAND CONCOURSE,E 170TH ST,,O,,2,STATE,02/22/2018,5,4.587,FAIR,35917,161626500,40.83871568,-73.91370727,204,,
2242319,B,GRAND CONCOURSE,E 174TH ST,T,O,,1,STATE,02/05/2018,4,3.808,FAIR,15120,68040000,40.84474474,-73.91132032,204,,
2242329,B,GRAND CONCOURSE,E 175TH ST,T,O,,1,STATE,06/04/2018,5,4.231,FAIR,12060,54270000,40.84646514,-73.90936012,205,,
2242330,B,GRAND CONCOURSE,EAST TREMONT AVE,,O,,1,STATE,08/30/2017,6,6.362,VGOOD,11700,52650000,40.84940621,-73.90597958,205,,
2242340,B,GRAND CONCOURSE,EAST KINGSBRIDGE RD,,O,,2,STATE,06/06/2018,5,4.476,FAIR,18630,83835000,40.86603097,-73.89436317,207,,
2242350,B,EAST FORDHAM RD,GRAND CONCOURSE,,O,,1,STATE,01/31/2018,6,6.692,VGOOD,10300,46350000,40.86243563,-73.8971836,205,207,
2242360,B,GRAND CONCOURSE,EAST BURNSIDE AVE,,O,,2,STATE,06/29/2018,4,5.677,GOOD,8736,39312000,40.85242866,-73.9035673,205,,
2242370,B,GRAND CONCOURSE,BEDFORD PARK BLVD,,O,,1,STATE,01/31/2018,4,4.763,FAIR,9435,42457500,40.87210389,-73.8877427,207,,
2242380,B,GRAND CONCOURSE,E 204TH ST,,O,,1,STATE,08/29/2017,5,6.156,VGOOD,9272,41724000,40.87466809,-73.88645801,207,,
2242400,B,E 180TH ST,BRONX RIVER,,WO,,1,STATE,08/30/2018,5,4.059,FAIR,4550,20475000,40.84230686,-73.87704626,206,227,
2242430,B,GUN HILL ROAD,BRONX BLVD,,O,,4,STATE,01/25/2018,5,5.304,GOOD,9400,42300000,40.8781311,-73.86945771,212,,
2242440,B,GUN HILL ROAD,BRONX RIVER,,WO,,1,STATE,01/09/2018,5,6.731,VGOOD,8700,39150000,40.87789259,-73.86842184,212,,
2242459,B,E 233RD ST,BRONX RIVER,,WO,,1,STATE,01/29/2018,4,4.654,FAIR,7113,32008500,40.89496159,-73.86230287,212,,
2242460,B,E 233RD ST,ENTR RD BNX RVR PKWY,,O,,1,STATE,01/03/2018,5,5.714,GOOD,5300,23850000,40.89551929,-73.86321648,212,,
2243010,K,LINCOLN ROAD,"BMT SUBWAY, BRIGHTON",T,O,,1,STATE,05/15/2018,7,4.789,FAIR,6243,28093500,40.66067339,-73.96212794,309,,
2243020,K,PARKSIDE AVE - OCEAN AVE,"BMT SUBWAY, BRIGHTON",T,O,,6,STATE,06/22/2018,4,4.941,FAIR,48700,219150000,40.65502554,-73.96156622,309,314,
2243040,K,CROOKE AVE,"BMT SUBWAY, BRIGHTON",T,O,,4,STATE,06/06/2018,4,4.618,FAIR,6000,27000000,40.65291619,-73.96219553,314,,
2243050,K,CATON AVE,"BMT SUBWAY, BRIGHTON",T,O,,4,STATE,07/24/2017,5,4.029,FAIR,20800,93600000,40.65167742,-73.9625695,314,,
2243080,K,E 18TH ST - CHURCH AVE,"BMT SUBWAY, BRIGHTON",T,O,,4,STATE,07/24/2017,4,4.31,FAIR,18200,81900000,40.64924418,-73.96334847,314,,
2243100,K,BEVERLY ROAD,"BMT SUBWAY, BRIGHTON",T,O,,3,STATE,06/01/2018,4,3.78,FAIR,4352,19584000,40.64434414,-73.96445375,314,,
2243110,K,CORTELYOU ROAD,"BMT SUBWAY, BRIGHTON",T,O,,3,STATE,07/25/2017,6,6.194,VGOOD,4810,21645000,40.64132138,-73.96396698,314,,
2243120,K,DORCHESTER ROAD,"BMT SUBWAY, BRIGHTON",T,O,,1,STATE,06/04/2018,5,6.017,VGOOD,5020,22590000,40.63938989,-73.96355929,314,,
2243130,K,DITMAS AVE,"BMT SUBWAY, BRIGHTON",T,O,,1,STATE,07/25/2017,6,6.364,VGOOD,5150,23175000,40.63728778,-73.96321339,314,,
2243140,K,NEWKIRK AVE,"BMT SUBWAY, BRIGHTON",T,O,,3,STATE,06/18/2018,5,5.476,GOOD,4100,18450000,40.63571743,-73.96289475,314,,
2243150,K,FOSTER AVE,"BMT SUBWAY, BRIGHTON",T,O,,1,STATE,06/08/2018,4,4.473,FAIR,3000,13500000,40.63419232,-73.96259908,314,,
2243170,K,STERLING PLACE,FRANKLIN SHUTTLE,T,O,,1,STATE,06/28/2017,6,6.833,VGOOD,2300,10350000,40.67349461,-73.95804142,308,,
2243180,K,ST JOHNS PLACE,FRANKLIN SHUTTLE,T,O,,1,STATE,06/29/2017,7,6.906,VGOOD,2300,10350000,40.67257666,-73.95842523,308,,
2243190,K,LINCOLN PLACE,FRANKLIN SHUTTLE,T,O,,1,STATE,06/13/2018,7,6.406,VGOOD,2460,11070000,40.67176003,-73.95870178,308,,
2243200,K,UNION ST,FRANKLIN SHUTTLE,T,O,,2,STATE,06/14/2018,5,4.442,FAIR,4100,18450000,40.67005528,-73.95942125,309,,
2243210,K,PRESIDENT ST,FRANKLIN SHUTTLE,T,O,,2,STATE,06/15/2018,5,4.596,FAIR,2500,11250000,40.66912047,-73.95961536,309,,
2243220,K,CARROLL ST PED BRDG,FRANKLIN SHUTTLE,T,PED-O,,3,CITY,10/31/2018,5,5.042,GOOD,600,2700000,40.66824397,-73.9600323,309,,
2243230,K,CROWN ST,FRANKLIN SHUTTLE,T,O,,3,STATE,07/20/2017,5,6.361,VGOOD,4060,18270000,40.6673696,-73.96027654,309,,
2243240,K,MONTGOMERY ST,FRANKLIN SHUTTLE,T,O,,1,STATE,06/26/2017,6,6.667,VGOOD,2240,10080000,40.66644923,-73.9606267,309,,
2243250,K,WASHINGTON AVE,FRANKLIN SHUTTLE,T,O,,1,STATE,06/26/2018,6,6.156,VGOOD,5957,26806500,40.66485391,-73.96124208,309,355,
2243260,K,FLATBUSH AVE,FRANKLIN SHUTTLE,T,O,,2,STATE,07/20/2018,5,6.118,VGOOD,11300,50850000,40.66279547,-73.96217007,309,,
2243279,K,EASTERN PKWY,FRANKLIN SHUTTLE,T,O,,1,STATE,06/25/2018,5,5.846,GOOD,7686,34587000,40.67087029,-73.95897533,309,308,
2243280,K,6TH AVE,LIRR ATLANTIC AVE,L,O,,9,STATE,09/12/2018,5,4.569,FAIR,12276,55242000,40.68247204,-73.97388986,302,,
2243290,K,CARLTON AVE,LIRR ATLANTIC AVE,L,O,,4,STATE,08/21/2017,7,6.5,VGOOD,15400,69300000,40.68232726,-73.97071616,302,,
2243310,K,2ND AVE,LIRR BAY RIDGE,N,O,,2,STATE,09/11/2018,6,4.806,FAIR,17830,80235000,40.64029905,-74.02602928,310,,
2243320,K,3RD AVE,LIRR BAY RIDGE,N,O,,4,STATE,08/23/2017,5,5.375,GOOD,17246,77607000,40.6389278,-74.02393913,310,,
2243330,K,4TH AVE,LIRR BAY RIDGE,NT,O,,4,STATE,07/27/2017,5,4.851,FAIR,13845,62302500,40.63765396,-74.02173903,310,,
2243340,K,15TH AVE,LIRR BAY RIDGE,N,O,,1,STATE,09/18/2018,5,4.491,FAIR,3614,16263000,40.62558956,-73.99467103,311,,
2243350,K,60TH ST,LIRR BAY RIDGE,N,O,,1,STATE,08/15/2017,6,6.15,VGOOD,3983,17923500,40.62533556,-73.99275881,311,,
2243360,K,16TH AVE,LIRR BAY RIDGE,N,O,,1,STATE,09/28/2018,6,4.5,FAIR,5403,24313500,40.6253984,-73.99129668,311,,
2243370,K,17TH AVE,LIRR BAY RIDGE,N,O,,1,STATE,09/28/2018,5,3.78,FAIR,3406,15327000,40.62581549,-73.98692936,312,,
2243380,K,18TH AVE,LIRR BAY RIDGE,N,O,,1,STATE,08/29/2018,5,4.672,FAIR,6006,27027000,40.62620897,-73.98306199,312,,
2243390,K,52ND ST,LIRR BAY RIDGE,N,O,,1,STATE,08/29/2018,6,5.25,GOOD,3293,14818500,40.62631956,-73.98221851,312,,
2243400,K,50TH ST,LIRR BAY RIDGE,N,O,,2,STATE,08/08/2017,5,4.571,FAIR,6780,30510000,40.62666629,-73.97981241,312,,
2243410,K,MCDONALD AVE,LIRR BAY RIDGE,N,O,,1,STATE,09/06/2018,5,4.891,FAIR,2974,13383000,40.62726063,-73.97646605,312,,
2243420,K,E 3RD ST,LIRR BAY RIDGE,N,O,,1,STATE,08/08/2017,6,6.733,VGOOD,1840,8280000,40.6276054,-73.97441487,312,,
2243439,K,OCEAN PKWY,LIRR BAY RIDGE,N,O,,1,STATE,09/05/2018,5,5.218,GOOD,7000,31500000,40.62814009,-73.97118816,312,,
2243440,K,CONEY ISLAND AVE,LIRR BAY RIDGE,N,O,,1,STATE,08/13/2018,5,4.455,FAIR,3231,14539500,40.62867739,-73.96589067,312,,
2243450,K,E 14TH ST,LIRR BAY RIDGE,N,O,,1,STATE,08/14/2018,5,4.527,FAIR,1775,7987500,40.62892453,-73.96303028,314,,
2243460,K,E 15TH ST PED BRDG,LIRR BAY RIDGE,N,PED-O,,3,CITY,08/16/2018,5,5.507,GOOD,900,4050000,40.62900379,-73.96208283,314,,
2243480,K,OCEAN AVE,LIRR BAY RIDGE,N,O,,2,STATE,08/09/2018,5,5.476,GOOD,5192,23364000,40.62955827,-73.95709385,314,,
2243490,K,BEDFORD AVE,LIRR BAY RIDGE,N,O,,6,STATE,08/10/2018,5,4.418,FAIR,15447,69511500,40.63002494,-73.95228173,314,,
2243500,K,NOSTRAND AVE,LIRR BAY RIDGE,N,O,,2,STATE,08/16/2018,5,4.149,FAIR,4320,19440000,40.63056248,-73.94743172,314,,
2243510,K,FLATBUSH AVE,LIRR BAY RIDGE,N,O,,2,STATE,08/17/2018,5,3.885,FAIR,5880,26460000,40.63077198,-73.94548075,318,,
2243520,K,BROOKLYN AVE,LIRR BAY RIDGE,N,O,,3,STATE,08/07/2017,6,5.873,GOOD,4582,20619000,40.63120822,-73.94160728,318,,
2243530,K,ALBANY AVE - AVE H,LIRR BAY RIDGE,N,O,,2,STATE,08/15/2017,6,6.265,VGOOD,35100,157950000,40.63224652,-73.93761131,318,,
2243569,K,ATLANTIC AVE,LIRR ATLANTIC AVE,L,O,,75,STATE,06/29/2018,4,3.262,FAIR,135100,607950000,40.67587088,-73.90396627,316,305,
2243570,K,86TH ST,BMT SEA BEACH,T,O,,1,STATE,06/12/2018,6,5.812,GOOD,12167,54751500,40.59248505,-73.97822476,313,,
2243580,K,5TH AVE,LIRR & SEA BEACH,NT,O,,4,STATE,07/30/2018,4,3.853,FAIR,12462,56079000,40.63691074,-74.01886659,310,,
2243590,K,6TH AVE,LIRR & SEA BEACH,NT,O,,2,STATE,07/10/2017,6,6.167,VGOOD,14382,64719000,40.63615853,-74.01602676,310,,
2243600,K,7TH AVE,LIRR & SEA BEACH,NT,O,,7,STATE,07/13/2018,5,4.875,FAIR,18699,84145500,40.63540666,-74.01319312,310,,
2243610,K,8TH AVE,LIRR & SEA BEACH,NT,O,,2,STATE,07/10/2017,6,6.403,VGOOD,10834,48753000,40.63446453,-74.01052268,310,,
2243620,K,FORT HAMILTON PKWY,LIRR & SEA BEACH,NT,O,,3,STATE,07/05/2018,5,6.343,VGOOD,12640,56880000,40.6323204,-74.00674254,310,,
2243630,K,11TH AVE,LIRR & SEA BEACH,NT,O,,5,STATE,07/06/2018,6,6.735,VGOOD,9600,43200000,40.6306179,-74.00385988,310,,
2243640,K,13TH AVE,LIRR & SEA BEACH,NT,O,,5,STATE,07/24/2017,5,5.569,GOOD,16000,72000000,40.6279371,-73.99943486,310,,
2243650,K,14TH AVE,LIRR BAY RIDGE,N,O,,1,STATE,09/18/2018,6,5.783,GOOD,4800,21600000,40.62653622,-73.99739663,311,,
2243660,K,NEW UTRECHT AVE,LIRR BAY RIDGE,N,O,,1,STATE,09/14/2018,6,5.25,GOOD,2416,10872000,40.62596366,-73.99695834,311,,
2243670,K,15TH AVE,BMT SEA BEACH,T,O,,4,STATE,06/20/2017,6,6.426,VGOOD,10858,48861000,40.6243354,-73.99596006,311,,
2243680,K,16TH AVE,BMT SEA BEACH,T,O,,3,STATE,05/18/2018,5,4.742,FAIR,6816,30672000,40.62278515,-73.99393702,311,,
2243690,K,17TH AVE,BMT SEA BEACH,T,O,,4,STATE,05/21/2018,6,6.077,VGOOD,8946,40257000,40.62137924,-73.99153902,311,,
2243700,K,18TH AVE,BMT SEA BEACH,T,O,,1,STATE,06/19/2017,6,6.632,VGOOD,5200,23400000,40.61999856,-73.98920711,311,,
2243710,K,19TH AVE,BMT SEA BEACH,T,O,,4,STATE,05/22/2018,4,4.471,FAIR,4800,21600000,40.61870498,-73.98715015,311,,
2243720,K,20TH AVE,BMT SEA BEACH,T,O,,1,STATE,05/23/2018,7,6.632,VGOOD,7000,31500000,40.61739391,-73.9849668,311,,
2243730,K,65TH ST,BMT SEA BEACH,T,O,,4,STATE,05/17/2018,5,4.324,FAIR,12000,54000000,40.61452817,-73.98256593,311,,
2243740,K,BAY PKWY,BMT SEA BEACH,T,O,,4,STATE,05/17/2018,5,4.412,FAIR,16800,75600000,40.61309612,-73.98213716,311,,
2243750,K,AVENUE O,BMT SEA BEACH,T,O,,1,STATE,06/21/2017,6,6.093,VGOOD,4658,20961000,40.61045466,-73.98157739,311,,
2243760,K,AVENUE P,BMT SEA BEACH,T,O,,1,STATE,06/13/2017,6,6.721,VGOOD,5544,24948000,40.60791798,-73.98119103,311,,
2243770,K,KINGS HIGHWAY,BMT SEA BEACH,T,O,,1,STATE,06/20/2017,6,6.895,VGOOD,5032,22644000,40.60517765,-73.98065649,311,,
2243780,K,HIGHLAWN AVE,BMT SEA BEACH,T,O,,1,STATE,06/16/2017,6,6.84,VGOOD,6960,31320000,40.60331512,-73.98028319,311,,
2243790,K,AVENUE S,BMT SEA BEACH,T,O,,1,STATE,06/22/2017,6,6.211,VGOOD,5360,24120000,40.60100174,-73.97980869,315,,
2243800,K,AVENUE T,BMT SEA BEACH,T,O,,1,STATE,06/23/2017,6,6.368,VGOOD,5360,24120000,40.5985553,-73.97931455,311,,
2243810,K,AVENUE U,BMT SEA BEACH,T,O,,1,STATE,06/11/2018,5,5.167,GOOD,5846,26307000,40.59637345,-73.97895836,315,,
2243820,K,21ST AVE,BMT SEA BEACH,T,O,,4,STATE,05/25/2018,4,3.176,FAIR,21360,96120000,40.61576525,-73.98313544,311,,
2243839,K,4TH AVE,NYCTA BMT TRACKS,T,O,,1,STATE,07/10/2017,6,6.683,VGOOD,4440,19980000,40.65314065,-74.00562358,307,,
2243840,K,9TH AVE,NYCTA BMT YARD,T,O,,5,STATE,07/03/2017,6,6.264,VGOOD,12400,55800000,40.64649166,-73.99456165,312,,
2243850,K,LIBERTY AVE,LIRR BAY RIDGE,N,O,,3,STATE,09/25/2018,6,5.221,GOOD,6716,30222000,40.67343722,-73.90311564,316,,
2243860,K,GLENMORE AVE,LIRR BAY RIDGE,N,O,,2,STATE,09/25/2018,7,5.015,GOOD,5668,25506000,40.6721203,-73.90284389,316,,
2243870,K,PITKIN AVE,LIRR BAY RIDGE,N,O,,2,STATE,09/27/2018,7,5.691,GOOD,5464,24588000,40.67091376,-73.90246809,316,,
2243890,K,SUTTER AVE,LIRR BAY RIDGE,N,O,,3,STATE,09/27/2018,6,5.75,GOOD,5607,25231500,40.66840812,-73.90184725,316,,
2243900,K,BLAKE AVE,LIRR BAY RIDGE,N,O,,3,STATE,09/18/2018,5,4.635,FAIR,4912,22104000,40.66686352,-73.90141119,316,,
2243910,K,LIVONIA AVE PED BRDG,LIRR BAY RIDGE,N,PED-O,,6,CITY,10/10/2018,5,4.75,FAIR,2500,11250000,40.66383796,-73.90057479,316,,
2243920,K,7TH AVE,NYCTA BMT YARD,T,O,,2,STATE,06/27/2018,6,6.127,VGOOD,3080,13860000,40.649172,-73.99894475,307,,
2243940,K,9TH AVE,NYCTA IND SBWY,T,O,,5,STATE,08/03/2017,5,5.824,GOOD,6496,29232000,40.64631389,-73.99470999,312,,
2244010,K,EAST DR (ENDALE ARCH),PED PATH NR GRND ARMY PLZ,,O,P,1,CITY,05/25/2018,4,4.4,FAIR,1533,6898500,40.66886677,-73.96916435,355,,
2244020,K,WEST DR (MEADOWPORT ARCH),PED PATH NR GRND ARMY PLZ,,O,P,1,STATE,04/19/2017,5,6.083,VGOOD,2500,11250000,40.67123304,-73.97008756,355,,
2244030,K,EAST DRIVE,BRIDLE PATH NR ZOO,,O,P,1,STATE,04/20/2017,5,6.632,VGOOD,2000,9000000,40.66606292,-73.96712804,355,,
2244040,K,EAST DR (EAST WOOD ARCH),PED PATH NR CENTER DR,,O,P,1,CITY,07/06/2018,4,3.933,FAIR,1066,4797000,40.66053539,-73.96430054,355,,
2244050,K,CENTER DR (NETHERMEAD ARCHES),PED PATH & STREAM,,WO,P,3,STATE,04/24/2017,5,5.971,GOOD,7020,31590000,40.66230637,-73.96881821,355,,
2244060,K,HILL DR (CLEFT RIDGE SPAN),PED PATH SO OF BOATHOUSE,,O,P,1,CITY,06/06/2018,4,4.433,FAIR,750,3375000,40.6584488,-73.96516572,355,,
2244100,K,WEST FT BRDG (MUSIC GROVE  BRDG),PROSPCT PK STREAM,,PED-WO,P,1,CITY,05/09/2018,5,5,GOOD,308,1386000,40.6617582,-73.96621132,355,,
2244120,K,HILL DR (TERRACE BRDG),PROSPECT PK LAKE,,WO,P,3,STATE,09/25/2018,3,3.218,FAIR,7735,34807500,40.65642761,-73.96833857,355,,
2244130,K,PED NR BOATHSE (LULLWATER BRDG),PROSPECT PK LAKE,,PED-WO,P,1,CITY,04/24/2018,5,4.885,FAIR,1000,4500000,40.66060598,-73.9662234,355,,
2244150,K,RIDGE BLVD,SHORE RD DRIVE,,O,,1,STATE,05/16/2017,6,6.615,VGOOD,4430,19935000,40.63979593,-74.02659814,310,,
2244160,K,3RD AVE,SHORE RD DRIVE,,O,,1,STATE,05/17/2017,6,6.222,VGOOD,4360,19620000,40.63833658,-74.02448613,310,,
2244170,K,ATLNTC AV SVC RD E.B.,EAST NEW YORK AVE,,O,,2,STATE,07/19/2017,5,6.275,VGOOD,3192,14364000,40.6755791,-73.90251113,305,,
2244180,K,ATLNTC AV SVC RD W.B.,EAST NEW YORK AVE,,O,,2,STATE,07/19/2017,5,6.228,VGOOD,5600,25200000,40.67588883,-73.9024683,305,,
2244440,K,FLEET WALK PED BRDG,NAVY ST,,PED-O,,1,CITY,07/30/2018,4,3.919,FAIR,620,2790000,40.69447458,-73.98001353,302,,
2244460,K,CONDUIT BLVD NB,ATLANTIC AVE EB,,O,,1,STATE,10/12/2018,5,5.462,GOOD,3864,17388000,40.68031191,-73.87491914,305,,
2244470,K,SEELEY ST,PROSPECT AVE,,O,,1,STATE,05/04/2018,4,3.692,FAIR,8496,38232000,40.65455217,-73.97642325,307,,
2244480,K,5TH AVE,GREENWOOD CEMETERY RD,,O,,1,STATE,09/18/2017,5,4.692,FAIR,3600,16200000,40.65174095,-74.00338647,307,,
2245010,M,11TH AVE VIADUCT,LIRR WEST SIDE YARD,AL,O,,34,STATE,12/13/2018,5,3.764,FAIR,142005,639022500,40.75483426,-74.0026801,104,,
224501B,M,W 33RD ST,AMTRAK 30 ST BRANCH,A,OR,,8,STATE,03/01/2018,4,4.569,FAIR,16500,74250000,40.75590969,-74.00535963,104,,
224501C,M,W 33RD ST,LAND ADJ TO AMTRAK,A,OR,,2,STATE,04/28/2015,5,4.5,FAIR,2360,10620000,40.75583834,-74.00477276,104,,
224501D,M,W 34TH ST,AMTRAK 30 ST BRANCH,A,OR,,4,STATE,05/09/2017,5,4.875,FAIR,11800,53100000,40.7569199,-74.00457018,104,,
224501E,M,W 35TH ST,AMTRAK 30 ST BRANCH,A,OR,,3,STATE,12/17/2018,4,4.338,FAIR,6500,29250000,40.75644745,-74.00149588,104,,
224501F,M,W 36TH ST,AMTRAK 30 ST BRANCH,A,OR,,3,STATE,12/21/2017,5,5.642,GOOD,5475,24637500,40.75668461,-74.00016403,104,,
2245040,M,MARGARET CORBIN DR,PED PATH NEAR CAF,,O,P,1,CITY,04/23/2018,5,5,GOOD,598,2691000,40.86085661,-73.93248182,112,,
2245050,M,MARGARET CORBIN DR,PED PATH NR NO ENTR,,O,P,1,CITY,04/23/2018,4,4.639,FAIR,889,4000500,40.86259913,-73.93295648,112,,
2245060,M,W 37TH ST,AMTRAK 30 ST BRANCH,A,O,,3,STATE,12/21/2017,6,6.691,VGOOD,7110,31995000,40.75711766,-73.9992521,104,,
2245070,M,W 38TH ST,AMTRAK 30 ST BRANCH,A,O,,2,STATE,05/21/2018,5,4.155,FAIR,6200,27900000,40.75761307,-73.99854688,104,,
2245080,M,W 39TH ST,AMTRAK 30 ST BRANCH,A,O,,3,STATE,05/21/2018,5,4.269,FAIR,6300,28350000,40.75815994,-73.99795902,104,,
2245090,M,W 43RD ST,AMTRAK 30 ST BRANCH,A,O,,2,STATE,05/01/2018,5,5.029,GOOD,4140,18630000,40.76056091,-73.9956179,104,,
2245100,M,W 44TH ST,AMTRAK 30 ST BRANCH,A,O,,2,STATE,05/01/2018,5,4.471,FAIR,4092,18414000,40.76116926,-73.9951536,104,,
2245110,M,W 45TH ST,AMTRAK 30 ST BRANCH,A,O,,2,STATE,05/04/2018,5,5,GOOD,4100,18450000,40.76178985,-73.99467474,104,,
2245120,M,W 46TH ST,AMTRAK 30 ST BRANCH,A,O,,2,STATE,05/04/2018,5,4.676,FAIR,4140,18630000,40.76244305,-73.99430047,104,,
2245130,M,W 47TH ST,AMTRAK 30 ST BRANCH,A,O,,2,STATE,05/08/2018,5,4.333,FAIR,4100,18450000,40.76305196,-73.99378616,104,,
2245140,M,W 48TH ST,AMTRAK 30 ST BRANCH,A,O,,2,STATE,05/08/2018,5,4.27,FAIR,4100,18450000,40.76374448,-73.99347571,104,,
2245150,M,W 49TH ST,AMTRAK 30 ST BRANCH,A,O,,3,STATE,05/21/2018,5,4.279,FAIR,4100,18450000,40.76432635,-73.99291788,104,,
2245160,M,W 51ST ST,AMTRAK 30 ST BRANCH,A,O,,2,STATE,05/21/2018,5,4.618,FAIR,4300,19350000,40.76556754,-73.99194011,104,,
2245170,M,W 52ND ST,AMTRAK 30 ST BRANCH,A,O,,2,STATE,07/26/2018,5,4.705,FAIR,4300,19350000,40.76626917,-73.99170401,104,,
2245180,M,W 53RD ST,AMTRAK 30 ST BRANCH,A,O,,2,STATE,07/31/2018,5,4.623,FAIR,5100,22950000,40.76690926,-73.99127551,104,,
2245190,M,W 58TH ST,AMTRAK 30 ST BRANCH,A,O,,2,STATE,07/27/2018,5,4.309,FAIR,3841,17284500,40.77086158,-73.99063642,104,,
2245209,M,11TH AVE,AMTRAK 30 ST BRANCH,A,O,,2,STATE,09/06/2018,5,3.839,FAIR,15400,69300000,40.77125011,-73.99067493,104,,
2245210,M,W 42ND ST,AMTRAK 30 ST BRANCH,A,O,,4,STATE,12/28/2018,5,4.25,FAIR,10300,46350000,40.75991992,-73.99615611,104,,
2245220,M,W 57TH ST,AMTRAK 30 ST BRANCH,A,O,,3,STATE,07/27/2018,5,4.937,FAIR,9100,40950000,40.77005181,-73.99081754,104,,
2245230,M,W 148TH ST PED BRDG,AMTRAK 30 ST BRANCH,A,PED-O,P,5,CITY,03/16/2018,4,3.785,FAIR,1100,4950000,40.82922052,-73.95109656,109,,
2245250,M,W 158TH ST,AMTRAK 30 ST BRANCH,A,O,,7,STATE,12/17/2017,6,6.111,VGOOD,20219,90985500,40.83646411,-73.94866863,112,,
2245260,M,W 173RD ST PED BRDG,AMTRAK 30 ST BRANCH,A,PED-O,P,2,CITY,03/15/2018,4,4.631,FAIR,1500,6750000,40.84744136,-73.94603808,112,,
2245290,M,W 155TH ST PED BRDG,AMTRAK 30 ST BRANCH,A,PED-O,,3,CITY,05/31/2018,4,3.815,FAIR,800,3600000,40.83416267,-73.94955221,109,112,
2245300,M,INWOOD HILL PK FTBR,AMTRAK 30 ST BRANCH,A,PED-O,P,6,CITY,02/24/2018,4,4.171,FAIR,700,3150000,40.86898796,-73.93144803,112,,
2245319,M,E 97TH ST,METRO NORTH MAIN LN,M,O,,1,STATE,12/23/2018,5,6.017,VGOOD,3200,14400000,40.7872692,-73.95205545,111,,
2245330,M,W 41ST ST,AMTRAK 30 ST BRANCH,A,O,,3,STATE,09/07/2018,5,4.062,FAIR,6240,28080000,40.75927793,-73.99671391,104,,
2245340,M,W 50TH ST,AMTRAK 30 ST BRANCH,A,O,,2,STATE,07/26/2018,5,4.295,FAIR,4100,18450000,40.76496154,-73.99245458,104,,
2245350,M,W 54TH ST,AMTRAK 30 ST BRANCH,A,O,,2,STATE,07/31/2018,5,4.429,FAIR,4700,21150000,40.767649,-73.99106307,104,,
2245360,M,W 55TH ST,AMTRAK 30 ST BRANCH,A,O,,2,STATE,07/26/2018,5,4.619,FAIR,4320,19440000,40.76839902,-73.99091787,104,,
2245370,M,W 56TH ST,AMTRAK 30 ST BRANCH,A,O,,2,STATE,07/26/2018,5,4.778,FAIR,4400,19800000,40.76918802,-73.99085415,104,,
2245380,M,TRANSVERSE RD #1 WB,PED PATH OPP E 66TH ST,,O,P,1,STATE,01/11/2018,5,6.13,VGOOD,1505,6772500,40.76866976,-73.9698149,164,,
2245420,M,W 65TH ST ENTR EB,BRIDLE PATH W END,,O,P,1,STATE,01/15/2018,5,5.348,GOOD,1400,6300000,40.76954544,-73.9790241,164,,
2245440,M,W 40TH ST,AMTRAK 30 ST BRANCH,A,O,,4,STATE,08/16/2018,5,4.083,FAIR,9400,42300000,40.75871074,-73.99735705,104,,
2245460,M,PARK AVE S.B.,E 45TH ST,,O,,1,STATE,04/19/2018,6,5.512,GOOD,2375,10687500,40.75427007,-73.97676337,105,,
2245470,M,PARK AVE N.B,E 45TH ST,,O,,1,STATE,04/20/2018,6,5.244,GOOD,2457,11056500,40.75381294,-73.97574766,105,,
2245480,M,TO GWB OPP W 171ST ST,RIVERSIDE DRIVE,,O,,1,STATE,02/12/2018,5,5.571,GOOD,10880,48960000,40.84508238,-73.94377728,112,,
2246000,M,WEST DR (GREYSHOT ARCH),PED PATH BET 61ST & 62ND,,O,P,1,STATE,01/16/2018,5,5.913,GOOD,2561,11524500,40.76926592,-73.97995525,164,,
2246010,M,W 62 ST PED BRDG (PINEBANK ARCH),BRIDLE PATH,,PED-O,P,1,CITY,07/13/2018,4,4.522,FAIR,1000,4500000,40.76931019,-73.9788419,164,,
2246030,M,E 62 ST PED BRDG (GAPSTOW BRDG),THE POND,,PED-O,P,1,CITY,05/11/2018,4,4.241,FAIR,1400,6300000,40.76697633,-73.97378022,164,,
2246040,M,EAST DR (INSCOPE ARCH),PED PATH OPP E 62 ST,,O,P,1,CITY,04/19/2018,4,4.4,FAIR,1515,6817500,40.76663485,-73.97284406,164,,
2246050,M,CENTER DR (DRIPROCK ARCH),PED OPP 63RD ST,,O,P,1,STATE,01/15/2018,5,5.435,GOOD,1793,8068500,40.76849245,-73.97568911,164,,
2246069,M,EAST DR (GREEN GAP ARCH),PED PATH BET 63RD & 64TH,,O,P,1,STATE,01/18/2018,5,4.217,FAIR,2158,9711000,40.76790334,-73.97315802,164,,
2246070,M,CENTER DR (PLAYMATES ARCH),PED PATH OPP 65TH ST,,O,P,1,CITY,07/03/2018,4,4.633,FAIR,1129,5080500,40.76956342,-73.97480629,164,,
2246080,M,WEST DR (DALEHEAD ARCH),BRIDLE OPP W 64TH ST,,O,P,1,STATE,01/15/2018,5,6.217,VGOOD,2050,9225000,40.77028191,-73.97907554,164,,
2246090,M,PED BRDG OPP 65 ST,TRANSVERSE RD #1,,PED-O,P,1,CITY,11/10/2018,4,4.583,FAIR,2300,10350000,40.76941702,-73.97394304,164,,
2246100,M,CENTER DRIVE,TRANSVERSE RD #1,,O,P,1,STATE,02/01/2018,4,4.13,FAIR,6110,27495000,40.76977169,-73.97451875,164,,
2246110,M,EAST DRIVE,TRANSVERSE RD #1,,O,P,1,STATE,02/22/2018,4,4.348,FAIR,5338,24021000,40.76901779,-73.97284431,164,,
2246120,M,WEST DRIVE,TRANSVERSE RD #1,,O,P,1,STATE,02/23/2018,4,3,POOR,7011,31549500,40.77154697,-73.97739125,164,,
2246130,M,EAST DR (WILLOWDELL ARCH),PED PATH OPP E 67TH ST,,O,P,1,CITY,04/23/2018,3,3.5,FAIR,666,2997000,40.77012593,-73.97128899,164,,
2246140,M,W 72 ST ENTR (RIFTSTONE ARCH),BRIDLE PATH,,O,P,1,STATE,01/16/2018,5,5.913,GOOD,3700,16650000,40.77602882,-73.97548534,164,,
2246150,M,72 ST CROSS DR (TERRACE BRDG),PED PATH TO FOUNTAIN,,O,P,3,STATE,02/12/2018,6,5.792,GOOD,5070,22815000,40.77369904,-73.97107426,164,,
2246160,M,73 ST PED BRDG (BOW BRIDGE),THE LAKE,,PED-WO,P,1,CITY,05/08/2018,5,4.629,FAIR,1700,7650000,40.7757671,-73.97177351,164,,
2246170,M,EAST DR (TREFOIL ARCH),PED PATH OPP E 73RD ST,,O,P,1,STATE,01/23/2018,5,5.633,GOOD,1900,8550000,40.77448765,-73.96888794,164,,
2246230,M,EAST DRIVE,TRANSVERSE RD #2,,O,P,1,STATE,02/20/2018,5,5,GOOD,5207,23431500,40.77819729,-73.96651957,164,,
2246240,M,WEST DRIVE,TRANSVERSE RD #2,,O,P,1,STATE,02/21/2018,4,5.261,GOOD,6396,28782000,40.77993592,-73.97103025,164,,
2246250,M,EAST DRIVE,TRANSVERSE RD #3,,O,P,1,STATE,01/19/2018,4,4.13,FAIR,4612,20754000,40.78155254,-73.96277697,164,,
2246260,M,WEST DRIVE,TRANSVERSE RD #3,,O,P,1,STATE,02/22/2018,5,5.261,GOOD,4592,20664000,40.78442678,-73.96724257,164,,
2246270,M,EAST DRIVE,TRANSVERSE RD #4,,O,P,1,STATE,02/22/2018,5,3.696,FAIR,5535,24907500,40.78944906,-73.95739341,164,,
2246280,M,WEST DRIVE,TRANSVERSE RD #4,,O,P,1,STATE,02/22/2018,4,4.13,FAIR,3920,17640000,40.791647,-73.96255726,164,,
2246320,M,W77 ST PED (OAK BRDG),THE LAKE,,PED-WO,P,3,CITY,05/04/2018,5,5.474,GOOD,1100,4950000,40.77900615,-73.97133958,164,,
2246330,M,WEST DR (BALCONY BRDG),STREAM TO THE LAKE,,WO,P,1,STATE,01/15/2018,5,5.696,GOOD,1884,8478000,40.7786242,-73.97240103,164,,
2246340,M,W77 ST PED (LADIES POND BRDG),STREAM TO THE LAKE,,PED-WO,P,3,CITY,11/19/2018,3,4.065,FAIR,500,2250000,40.77949633,-73.97294669,164,,
2246350,M,EAST DR (GREYWACKE ARCH),PED PATH OPP E 80TH ST,,O,P,1,CITY,05/11/2018,4,3.733,FAIR,1266,5697000,40.77906563,-73.96554618,164,,
2246360,M,WEST DR (WINTERDALE ARCH),PED PATH OPP W 82 ST,,O,P,1,STATE,01/16/2018,5,5.913,GOOD,2613,11758500,40.78180141,-73.96942714,164,,
2246380,M,E86 ST PED (SE RESERVOIR BRDG),BRIDLE PATH,,PED-O,P,1,CITY,11/20/2018,5,5,GOOD,700,3150000,40.78496511,-73.96678106,164,,
2246390,M,W86 ST PED (SW RESERVOIR BRDG),BRIDLE PATH,,PED-O,P,3,CITY,11/28/2018,4,4.544,FAIR,1100,4950000,40.78176276,-73.96243558,164,,
2246400,M,PED PATH OPP E79 ST,TRANSVERSE RD #2,,PED-O,P,1,CITY,05/12/2018,4,4.28,FAIR,3700,16650000,40.77786508,-73.9650631,164,,
2246410,M,TRNSVRS RD 1 EB (DENESMOUTH ARCH),PED PATH OPP E 65TH ST,,O,P,1,STATE,02/06/2018,5,5.696,GOOD,1786,8037000,40.7683457,-73.9710571,164,,
2246430,M,W110 ST ENTR (MOUNTCLIFF ARCH),PED PATH OPP W109 ST,,O,P,1,STATE,02/06/2018,4,4.433,FAIR,1364,6138000,40.80001336,-73.95786814,164,,
2246440,M,79 TH ST PED BRDG,TRANSVERSE RD #2,,PED-O,P,1,CITY,05/12/2018,4,3.889,FAIR,5900,26550000,40.7792288,-73.96927223,164,,
2246450,M,E77 ST PED (GLADE ARCH),PED PATH OPP E77 ST,,PED-O,P,1,CITY,03/29/2018,4,4.138,FAIR,5000,22500000,40.77533899,-73.96628787,164,,
2246460,M,W77 ST ENTR (EAGLEVALE ARCH),PED PATH OPP W77 ST,,O,P,2,STATE,01/24/2018,4,5.323,GOOD,3066,13797000,40.77922514,-73.97327235,164,,
2246470,M,EAST DR (HUDDLESTONE ARCH),THE LOCH,,WO,P,1,STATE,01/19/2018,5,4.435,FAIR,1228,5526000,40.79583993,-73.95566863,164,,
2246489,M,W 181 ST,RAMP TO WASH BR,,O,,1,STATE,01/24/2018,5,6.267,VGOOD,8200,36900000,40.85139752,-73.94128345,112,,
2246490,M,A.C. POWELL BLVD N.B.,A.C. POWELL BLVD,,O,,1,STATE,02/12/2018,4,4.625,FAIR,3000,13500000,40.82733405,-73.93522074,110,,
2246500,M,FORT TRYON PLACE,ENTR FROM RIVERSIDE DR,,O,P,1,STATE,02/13/2018,4,3.435,FAIR,3362,15129000,40.86294929,-73.93278883,112,,
2246510,M,CORBIN PL OVERPASS,CORBIN PLACE,,O,P,1,STATE,01/17/2018,5,4.913,FAIR,2257,10156500,40.86375178,-73.93165513,112,,
2246550,M,PARK AVE VIADUCT,E 42ND ST,,O,,7,STATE,12/13/2017,5,4.7,FAIR,28294,127323000,40.7521796,-73.97763202,105,,
2246560,M,TUDOR CITY PLACE,E 42ND ST,,O,,1,STATE,01/24/2018,5,6.033,VGOOD,6615,29767500,40.74907275,-73.97047858,106,,
2246580,BM,HIGH BRIDGE PDOVP,I87 - HARLEM RIVER,M,PED-WA,P,11,PARKS,08/12/2002,5,3.759,FAIR,34100,153450000,40.84199214,-73.92803866,112,204,
2246600,M,W 176TH ST PED BRDG,APPROACH TO G.W.B.,,PED-O,P,1,CITY,03/18/2018,4,4.4,FAIR,1200,5400000,40.84776071,-73.9425401,112,,
2246620,M,E 128TH ST PED BRDG,3RD AVE BRDG APPR,,PED-O,,18,CITY,07/18/2018,4,3.872,FAIR,2300,10350000,40.80564956,-73.93403856,111,,
2246660,M,RIVERSIDE DRIVE,W125TH ST - W134TH ST,,O,,27,STATE,10/06/2017,5,4.847,FAIR,148300,667350000,40.81818022,-73.96015419,109,,
2246670,M,W 134 ST,TERRAIN,,O,,4,STATE,05/31/2017,5,6.387,VGOOD,7500,33750000,40.82058794,-73.9584286,109,,
2246690,M,ISHAM PK VEHICULAR,HARLEM RIVER INLET,,WO,P,1,STATE,02/20/2018,6,6.296,VGOOD,911,4099500,40.87378777,-73.91973138,112,,
2246700,M,ISHAM PK PED BRDG,HARLEM RIVER INLET,,PED-WO,P,1,CITY,04/23/2018,4,4.286,FAIR,300,1350000,40.87359021,-73.91976945,112,,
2246710,M,W 153 ST,A.C. POWELL BLVD,,O,,1,STATE,02/12/2018,4,4.673,FAIR,3082,13869000,40.82670631,-73.935383,110,,
2246720,M,RIVERSIDE DRIVE,W 158TH ST - AMTRAK,A,O,,77,STATE,12/17/2017,4,3.917,FAIR,185658,835461000,40.8364177,-73.94851309,109,112,
2246970,M,RIVERSIDE DRIVE,W 96TH ST,,O,,3,STATE,05/03/2017,5,6.841,VGOOD,10600,47700000,40.79601545,-73.97502824,107,,
2246980,M,RIVERSIDE DRIVE,W 138TH ST,,O,,1,STATE,01/18/2018,5,5.696,GOOD,6783,30523500,40.82284737,-73.95569164,109,,
2246990,M,E 129TH ST PED BRDG,3RD AVE BRDG RAMP,,PED-O,P,5,CITY,10/22/2018,4,4.429,FAIR,1046,4707000,40.80744168,-73.93514632,111,,
2247020,Q,94TH ST PED BRDG,LIRR PORT WASH BR,L,PED-O,,5,CITY,06/08/2018,4,3.564,FAIR,905,4072500,40.74398646,-73.87068441,404,,
2247040,Q,UNION ST,LIRR PORT WASH BR,L,O,,1,STATE,10/16/2017,6,5.953,GOOD,3180,14310000,40.75979347,-73.82615715,407,,
2247050,Q,BOWNE ST,LIRR PORT WASH BR,L,O,,1,STATE,08/01/2018,6,4.574,FAIR,4974,22383000,40.76038344,-73.82411121,407,,
2247060,Q,PARSONS BLVD,LIRR PORT WASH BR,L,O,,1,STATE,08/01/2018,6,4.037,FAIR,4032,18144000,40.76102242,-73.8217802,407,,
2247070,Q,147TH ST,LIRR PORT WASH BR,L,O,,1,STATE,10/17/2017,5,6.136,VGOOD,1994,8973000,40.76197355,-73.81826404,407,,
2247080,Q,149TH ST,LIRR PORT WASH BR,L,O,,1,STATE,08/02/2018,7,6.438,VGOOD,4720,21240000,40.76254833,-73.81611636,407,,
2247090,Q,149TH PLACE,LIRR PORT WASH BR,L,O,,2,STATE,10/18/2017,5,5.645,GOOD,4300,19350000,40.76267103,-73.81490573,407,,
2247100,Q,150TH ST,LIRR PORT WASH BR,L,O,,2,STATE,10/19/2017,6,5.681,GOOD,7344,33048000,40.76267907,-73.81393408,407,,
2247110,Q,MURRAY ST,LIRR PORT WASH BR,L,O,,1,STATE,10/20/2017,5,6.148,VGOOD,4000,18000000,40.76262725,-73.81252339,407,,
2247120,Q,WOODSIDE AVE,LIRR MAIN LINE,L,O,,3,STATE,08/16/2018,4,4.825,FAIR,15750,70875000,40.74416967,-73.90107489,402,,
2247130,Q,CORPORAL KENNEDY ST,LIRR PORT WASH BR,L,O,,1,STATE,11/06/2017,6,5.678,GOOD,2645,11902500,40.76270949,-73.77550849,411,,
2247140,Q,BELL BLVD,LIRR PORT WASH BR,L,O,,1,STATE,11/07/2017,6,5.424,GOOD,4320,19440000,40.76315214,-73.77078346,411,,
2247150,Q,65TH ST,LIRR MAIN LINE,L,O,,3,STATE,11/05/2017,6,6.134,VGOOD,6600,29700000,40.74160997,-73.8984364,402,,
2247160,Q,65TH PLACE,LIRR MAIN LINE,L,O,,3,STATE,11/05/2017,6,6.333,VGOOD,8381,37714500,40.74241127,-73.89929321,402,,
2247170,Q,DOUGLASTON PKWY,LIRR PORT WASH BR,L,O,,3,STATE,08/06/2018,5,3.839,FAIR,6360,28620000,40.76900448,-73.74834297,411,,
2247180,Q,GRAND AVE,LIRR MAIN LINE,L,O,,3,STATE,08/07/2018,5,4,FAIR,7415,33367500,40.73388318,-73.88352253,404,,
2247190,Q,55TH AVE PED BRDG,LIRR MAIN LINE,L,PED-O,,3,CITY,06/14/2018,4,4,FAIR,1296,5832000,40.7325567,-73.88019488,404,,
2247220,Q,80TH ROAD,LIRR MAIN LINE,L,O,,3,STATE,11/14/2017,5,5.414,GOOD,4100,18450000,40.71175001,-73.83326673,409,,
2247230,Q,82ND AVE,LIRR MAIN LINE,L,O,,3,STATE,11/13/2017,5,5.911,GOOD,4100,18450000,40.71073766,-73.83194301,409,,
2247240,Q,LEFFERTS BLVD,LIRR MAIN LINE,L,O,,3,STATE,11/10/2017,6,5.806,GOOD,5460,24570000,40.70903898,-73.83014022,409,,
2247260,Q,JACKSON AVE,LIRR MONTAUK DIV,L,O,,1,STATE,08/21/2018,6,5.031,GOOD,4517,20326500,40.74093653,-73.95541904,402,,
2247270,Q,21ST ST,LIRR N SHORE YARD,L,O,,6,STATE,10/12/2017,6,5.611,GOOD,17590,79155000,40.74153486,-73.94940655,402,,
2247290,Q,49TH AVE,LIRR - AMTRAK,AL,O,,5,STATE,12/05/2018,4,4.375,FAIR,20400,91800000,40.74215213,-73.94718505,402,,
2247300,Q,THOMPSON AVE,AMTRAK & LIRR YARD,AL,O,,14,STATE,12/03/2018,6,5.569,GOOD,61280,275760000,40.74555354,-73.93896658,402,,
2247310,Q,QUEENS BLVD,AMTRAK & LIRR YARD,AL,O,,19,STATE,12/05/2018,6,5.758,GOOD,92400,415800000,40.74678656,-73.93508874,402,401,
2247320,Q,HONEYWELL ST,SUNNYSIDE YARD,AL,O,,22,STATE,12/20/2017,6,6.333,VGOOD,99036,445662000,40.74809942,-73.92980483,402,401,
2247330,Q,39TH ST (NORTH),SUNNYSIDE YARD,A,O,,14,STATE,12/19/2017,6,6.306,VGOOD,48200,216900000,40.74896991,-73.92518051,402,401,
2247370,Q,37TH AVE,CSX - HELLGATE,X,O,,1,STATE,10/02/2017,6,5.351,GOOD,6868,30906000,40.74853517,-73.89547368,402,,
2247380,Q,ROOSEVELT AVE,CSX - HELLGATE - NYCTA,X,O,,2,STATE,10/02/2017,6,5.556,GOOD,7380,33210000,40.74657373,-73.89430137,402,403,404
2247390,Q,41ST AVE,CSX - HELLGATE,X,O,,2,STATE,10/02/2017,5,5.674,GOOD,4400,19800000,40.74497912,-73.89322765,402,404,
2247400,Q,WOODSIDE AVE,CSX TRANSPORT,X,O,,1,STATE,10/03/2017,5,6.038,VGOOD,4970,22365000,40.74291769,-73.89208419,402,404,
2247410,Q,43RD AVE,CSX TRANSPORT,X,O,,1,STATE,10/03/2017,5,6.038,VGOOD,3905,17572500,40.74217469,-73.89163461,402,404,
2247420,Q,44TH AVE,CSX TRANSPORT,X,O,,1,STATE,10/04/2017,5,5.731,GOOD,3888,17496000,40.74138653,-73.89117394,402,404,
2247430,Q,45TH AVE,CSX TRANSPORT,X,O,,1,STATE,10/04/2017,5,6.061,VGOOD,2400,10800000,40.74067066,-73.89073576,402,404,
2247440,Q,GRAND AVE,CSX TRANSPORT,X,O,,1,STATE,10/05/2017,6,5.95,GOOD,3280,14760000,40.73068314,-73.88613268,405,,
2247450,Q,57TH AVE,CSX TRANSPORT,X,O,,1,STATE,10/05/2017,6,6,GOOD,2283,10273500,40.72872839,-73.88554528,405,,
2247460,Q,CALDWELL AVE,CSX TRANSPORT,X,O,,1,STATE,11/12/2018,6,5.846,GOOD,2220,9990000,40.72476062,-73.88478684,405,,
2247470,Q,ELIOT AVE,CSX TRANSPORT,X,O,,1,STATE,10/06/2017,5,6.068,VGOOD,2960,13320000,40.72243557,-73.8846954,405,,
2247480,Q,JUNIPER BLVD SO,CSX TRANSPORT,X,O,,1,STATE,10/06/2017,5,5.667,GOOD,9000,40500000,40.71625416,-73.88694857,405,,
2247490,Q,69TH STREET,CSX TRANSPORT,X,O,,1,STATE,11/30/2016,5,5.745,GOOD,6175,27787500,40.71520702,-73.88739094,405,,
2247500,Q,METROPOLITAN AVE,CSX TRANSPORT,X,O,,1,STATE,10/10/2017,5,5.967,GOOD,18650,83925000,40.71218906,-73.88891171,405,,
2247530,Q,ANDREWS AVE,LIRR MONTAUK DIV,L,O,,1,STATE,11/03/2017,7,6.609,VGOOD,1783,8023500,40.71551054,-73.90725858,405,,
2247540,Q,60TH ST,LIRR MONTAUK DIV,L,O,,2,STATE,11/02/2017,5,5.403,GOOD,5340,24030000,40.71461478,-73.90576176,405,,
2247550,Q,ELIOT AVE,LIRR MONTAUK DIV,L,O,,2,STATE,11/01/2017,6,5.731,GOOD,9550,42975000,40.71378876,-73.90288021,405,,
2247570,Q,80TH ST,77TH AVE - LIRR MT,L,O,,5,STATE,08/24/2018,6,5.478,GOOD,11542,51939000,40.70673831,-73.86897059,405,,
2247590,Q,FOREST PARK DRIVE,LIRR MONTAUK DIV,L,O,P,5,STATE,09/12/2018,5,5.807,GOOD,5974,26883000,40.70358159,-73.83975109,409,,
2247600,Q,PARK LANE SOUTH,LIRR MONTAUK DIV,L,O,,1,STATE,08/27/2018,6,6.633,VGOOD,3024,13608000,40.70323115,-73.83871116,409,482,
2247620,Q,MYRTLE AVE,ABANDONED LIRR,,O,,3,STATE,01/08/2018,6,4.803,FAIR,6725,30262500,40.70228605,-73.85249441,482,406,
2247630,Q,PED BRG NEAR UNION TPK,ABANDONED LIRR,,PED-O,,8,CITY,07/17/2018,4,4.388,FAIR,1500,6750000,40.70627646,-73.85623438,406,,
2247640,Q,39TH ST (SOUTH),AMTRAK & LIRR YARD,AL,O,,9,STATE,12/19/2017,6,6.306,VGOOD,34100,153450000,40.7479194,-73.92534107,402,,
2247650,Q,60TH RD PED BRDG,LIRR MAIN LINE,L,PED-O,,3,CITY,06/13/2018,5,4.679,FAIR,1200,5400000,40.72991378,-73.87321762,405,406,
2247660,Q,FOREST PARK DRIVE,ABANDONED LIRR,,O,P,6,STATE,06/29/2018,4,3.984,FAIR,10011,45049500,40.70076768,-73.85097027,409,,
2247680,Q,221ST ST,LIRR PORT WASH BR,L,O,,3,STATE,11/08/2017,6,6.059,VGOOD,6050,27225000,40.76416773,-73.76132079,411,,
2248019,Q,WOODHAVEN BLVD,ATLANTIC AVE,,O,,3,STATE,05/16/2018,4,4.2,FAIR,19832,89244000,40.68815371,-73.84889177,409,,
2248020,Q,WHITELAW PED BRDG,NO & SO CONDUIT AVE,,PED-O,,7,CITY,10/05/2018,4,4.423,FAIR,5500,24750000,40.67053524,-73.84749244,410,,
2248039,Q,CROSS BAY BLVD,NASSAU EXPWY - RTE 27,,O,,2,STATE,07/31/2017,6,5.611,GOOD,15840,71280000,40.66875786,-73.84224357,410,,
2248040,Q,RAMP TO LINDEN BLVD,SO. CONDUIT AVE,,O,,1,STATE,05/22/2018,5,4.967,FAIR,3355,15097500,40.67163986,-73.85295407,410,,
2248059,Q,MOTOR PKWY (PED),FRANCIS LEWIS BLVD,,PED-O,P,2,CITY,06/11/2018,4,4.472,FAIR,2800,12600000,40.73353855,-73.77126968,408,,
2248060,Q,MOTOR PKWY (PED),BELL BLVD,,PED-O,P,2,CITY,05/24/2018,4,4.403,FAIR,2650,11925000,40.7365099,-73.75619001,411,,
2248070,Q,MOTOR PKWY (PED),SPRINGFIELD BLVD,,PED-O,P,3,CITY,07/05/2018,4,3.967,FAIR,2900,13050000,40.73798489,-73.74836996,411,,
2248080,Q,MOTOR PKWY (PED),HOLLIS COURT BLVD,,PED-O,P,3,CITY,11/29/2018,4,4.493,FAIR,2700,12150000,40.73491462,-73.76542183,408,,
2248090,Q,FLSHG MDW PK PED,COLLEGE POINT BLVD,,PED-O,P,3,CITY,02/02/2018,5,4.986,FAIR,8400,37800000,40.75084458,-73.83236759,407,,
2248100,Q,MOTOR PKWY (PED),73RD AVE,,PED-O,P,3,CITY,11/29/2018,5,4.607,FAIR,2600,11700000,40.7361646,-73.77323033,408,,
2248110,Q,MOTOR PKWY (PED),ALLEY PK PED WALK,,PED-O,P,1,CITY,06/26/2018,4,3.938,FAIR,1000,4500000,40.73813562,-73.73789953,413,,
2248129,Q,UNION TPKE,CREEDMOORE HOSP RD,,O,,1,STATE,07/07/2017,5,5.808,GOOD,3500,15750000,40.74063076,-73.72827749,413,,
2248130,Q,FLUSHING MEADOW PK PED,WILLOW LK&76TH RD,,PED-WO,P,4,CITY,04/20/2002,1,1,CLOSED,1891,8509500,40.71948969,-73.83251629,481,,
2248140,Q,FLUSHING MEADW PK RD,STREAM N OF LIE,,WO,P,5,STATE,07/20/2017,5,4.516,FAIR,4200,18900000,40.74411326,-73.8384517,481,,
2248159,Q,WOODHAVEN BLVD,QUEENS BLVD,,O,,2,STATE,08/07/2018,4,4.588,FAIR,11498,51741000,40.73353099,-73.87036707,404,,
2248160,Q,ELIOT AVE,QUEENS BLVD,,O,,2,STATE,07/18/2018,5,4.824,FAIR,13875,62437500,40.73256978,-73.868163,406,,
2248200,Q,RUST ST,FLUSHING AVE,,O,,1,STATE,07/07/2017,6,4.559,FAIR,2940,13230000,40.71776757,-73.9096929,405,,
2248220,Q,SERVICE RD TURNAROUND,FLUSHING AVE,,O,,1,STATE,07/07/2017,6,4.881,FAIR,2940,13230000,40.71759955,-73.91001922,405,,
2248230,Q,BEACH CHANNEL DR WB,BEACH CHANNEL DR EB,,O,,1,STATE,06/12/2017,6,3.846,FAIR,3600,16200000,40.57135623,-73.86929522,484,,
2248240,Q,FLUSHING AV SERVICE RD,FLUSHING AVE,,O,,1,STATE,07/07/2017,6,4.729,FAIR,2940,13230000,40.71665094,-73.91130954,405,,
2248250,Q,102ND ST,HAWTREE BASIN,,WO,,3,STATE,07/21/2017,6,6.7,VGOOD,4900,22050000,40.65618523,-73.83044358,410,,
2248260,Q,MEADOW LAKE BRIDGE,MEADOW LAKE,,WO,P,5,STATE,07/17/2018,5,4.21,FAIR,4160,18720000,40.72873049,-73.83422919,481,,
2248280,Q,HIGHLAND PK PED.,PEDESTRIAN PATH,,PED-O,P,1,CITY,01/08/2018,6,6.19,VGOOD,1900,8550000,40.68476097,-73.89119933,405,,
2248299,Q,J.R. PKWY-UNION TPKE,AUSTIN ST,,O,,1,STATE,05/15/2018,5,5.6,GOOD,6930,31185000,40.71304522,-73.83361794,409,406,
2248300,Q,71ST AVE,COOPER AVE,,O,,1,STATE,07/26/2017,4,5.356,GOOD,2800,12600000,40.70834429,-73.87205471,405,,
2248340,Q,FOREST PARK DR,MYRTLE AVE,,O,P,3,STATE,07/26/2017,5,5.258,GOOD,5100,22950000,40.70208166,-73.85067554,409,,
2248369,Q,ROCKAWAY BLVD,THURSTON BASIN,,WO,,2,STATE,07/13/2017,6,4.889,FAIR,6000,27000000,40.64552107,-73.74841979,483,413,
2248379,Q,BOATHOUSE BRIDGE,AQUACADE LAKE,,WO,P,5,STATE,07/18/2017,5,4.161,FAIR,6300,28350000,40.73873992,-73.83823754,481,,
2249040,R,TOMPKINS AVE,B&O RR (ABANDONED),,O,,1,STATE,04/12/2018,5,6.25,VGOOD,5096,22932000,40.61688538,-74.07467304,501,,
2249070,R,JOHN ST PED BRDG,B&O RR (ABANDONED),O,PED-O,,2,CITY,10/23/2018,5,5.336,GOOD,1050,4725000,40.63559291,-74.14379162,501,,
2249090,R,MORNINGSTAR ROAD,B&O RR (ABANDONED),O,O,,4,STATE,04/10/2018,5,3.985,FAIR,7900,35550000,40.63511078,-74.14566698,501,,
2249100,R,GRANITE AVE,B&O RR (ABANDONED),O,O,,4,STATE,01/31/2018,5,6.493,VGOOD,7300,32850000,40.63435024,-74.14801948,501,,
2249110,R,LAKE AVE,B&O RR (ABANDONED),O,O,,3,STATE,04/10/2018,5,5,GOOD,5900,26550000,40.63406066,-74.15089463,501,,
2249120,R,SIMONSON AVE,B&O RR (ABANDONED),O,O,,3,STATE,04/21/2017,6,6.032,VGOOD,5819,26185500,40.63402848,-74.15189112,501,,
2249130,R,VAN NAME AVE,B&O RR (ABANDONED),O,O,,3,STATE,03/27/2018,5,5.871,GOOD,5474,24633000,40.63399323,-74.15328721,501,,
2249140,R,VAN PELT AVE,B&O RR (ABANDONED),O,O,,3,STATE,04/21/2017,6,5.161,GOOD,5000,22500000,40.63393043,-74.15502568,501,,
2249160,R,DE HART AVE,B&O RR (ABANDONED),O,O,,4,STATE,04/21/2017,6,5.581,GOOD,6700,30150000,40.6338636,-74.15703295,501,,
2249170,R,UNION AVE,B&O RR (ABANDONED),O,O,,4,STATE,04/21/2017,5,4.419,FAIR,6630,29835000,40.63384615,-74.15808799,501,,
2249180,R,HARBOR ROAD,CONRAIL - EX B&O RR,C,O,,4,STATE,10/07/2017,6,5.955,GOOD,5864,26388000,40.63383364,-74.16031927,501,,
2249200,R,SOUTH AVE,ARLINGTON YARD,C,O,,3,STATE,10/07/2017,7,6.429,VGOOD,8493,38218500,40.63355031,-74.16628019,501,,
2249210,R,MAIN ST PED BRDG,SIRT SOUTH SHORE,S,PED-O,,9,CITY,09/17/2018,4,4.579,FAIR,400,1800000,40.51337798,-74.25100155,503,,
2249230,R,TRACY AVE PED BRDG,SIRT SOUTH SHORE,S,PED-O,,9,CITY,09/18/2018,3,3.451,CLOSED,635,2857500,40.51543574,-74.24555034,503,,
2249240,R,ARTHUR KILL ROAD,SIRT SOUTH SHORE,S,O,,1,STATE,10/09/2018,5,4.426,FAIR,3700,16650000,40.51722905,-74.24067941,503,,
2249250,R,BETHEL AV PED BRDG,SIRT SOUTH SHORE,S,PED-O,,12,CITY,09/20/2018,3,3.51,CLOSED,1165,5242500,40.51768694,-74.23909987,503,,
2249269,R,PAGE AVE,SIRT - TIDAL STREAM,S,WO,,4,STATE,09/11/2017,6,5.833,GOOD,30710,138195000,40.51854949,-74.23463081,503,,
2249270,R,RICHMOND VALLEY ROAD,SIRT SOUTH SHORE,S,O,,4,STATE,08/29/2017,5,4.284,FAIR,9440,42480000,40.51975072,-74.22868876,503,,
2249280,R,RICHMOND VALLEY STA PED BRDG,SIRT SOUTH SHORE,S,PED-O,,7,CITY,09/21/2018,4,4.321,FAIR,595,2677500,40.51954154,-74.22964126,503,,
2249290,R,SEGUINE AVE,SIRT SOUTH SHORE,S,O,,1,STATE,08/22/2017,6,6.344,VGOOD,3250,14625000,40.52514322,-74.20080302,503,,
2249300,R,HUGUENOT AVE,SIRT SOUTH SHORE,S,O,,2,STATE,09/13/2017,5,4.364,FAIR,6514,29313000,40.5330752,-74.19242613,503,,
2249320,R,ALBEE AVE,SIRT SOUTH SHORE,S,O,,3,STATE,09/14/2017,5,5.705,GOOD,6500,29250000,40.53908346,-74.18364531,503,,
2249330,R,ANNADALE ROAD,SIRT SOUTH SHORE,S,O,,1,STATE,08/25/2017,6,6.8,VGOOD,3540,15930000,40.54064051,-74.17729877,503,,
2249350,R,NELSON AVE PED BRDG,SIRT SOUTH SHORE,S,PED-O,,3,CITY,09/24/2018,4,4.25,FAIR,300,1350000,40.55119301,-74.15148191,503,,
2249360,R,GIFFORDS LANE,SIRT SOUTH SHORE,S,O,,1,STATE,10/10/2018,6,5.344,GOOD,3042,13689000,40.55164975,-74.15052416,503,,
2249370,R,GREAVES AVE,SIRT SOUTH SHORE,S,O,,1,STATE,08/24/2017,7,6.333,VGOOD,2650,11925000,40.55266823,-74.14557455,503,,
2249380,R,GUYON AVE,SIRT SOUTH SHORE,S,O,,3,STATE,09/12/2017,5,4.152,FAIR,6964,31338000,40.56457079,-74.12698049,503,,
2249390,R,CEDARVIEW AVE PED BRDG,SIRT SOUTH SHORE,S,PED-O,,5,CITY,09/25/2018,4,3.912,FAIR,625,2812500,40.56524892,-74.12615621,503,,
2249400,R,BEACH AVE,SIRT SOUTH SHORE,S,O,,2,STATE,08/15/2017,5,4.818,FAIR,3800,17100000,40.57132932,-74.12007722,502,,
2249410,R,ROSS AVE,SIRT SOUTH SHORE,S,O,,2,STATE,08/16/2017,5,4.773,FAIR,3800,17100000,40.57243588,-74.11865671,502,,
2249420,R,ROSE AVE,SIRT SOUTH SHORE,S,O,,2,STATE,08/17/2017,5,4.576,FAIR,3800,17100000,40.5732064,-74.11762201,502,,
2249430,R,NEW DORP LANE,SIRT SOUTH SHORE,S,O,,2,STATE,09/01/2017,5,4.47,FAIR,7600,34200000,40.57402597,-74.11644465,502,,
2249440,R,BANCROFT AVE,SIRT SOUTH SHORE,S,O,,3,STATE,09/05/2017,5,5.902,GOOD,5974,26883000,40.57748273,-74.11166374,502,,
2249450,R,FREMONT AVE PED BRDG,SIRT SOUTH SHORE,S,PED-O,,3,CITY,09/26/2018,4,4.164,FAIR,800,3600000,40.57900202,-74.10967078,502,,
2249460,R,LINCOLN AVE,SIRT SOUTH SHORE,S,O,,1,STATE,09/06/2017,5,6.638,VGOOD,4500,20250000,40.57951495,-74.1089056,502,,
2249470,R,MIDLAND AVE,SIRT SOUTH SHORE,S,O,,1,STATE,09/07/2017,5,6.569,VGOOD,2952,13284000,40.58062028,-74.10736619,502,,
2249480,R,WEST FINGERBOARD RD,SIRT SOUTH SHORE,S,O,,2,STATE,09/08/2017,6,6.361,VGOOD,5279,23755500,40.60165938,-74.08516935,502,,
2249490,R,CLOVE ROAD,SIRT SOUTH SHORE,S,O,,3,STATE,10/11/2018,6,5.208,GOOD,5236,23562000,40.6038114,-74.08356021,502,,
2249510,R,TOMPKINS AVE,"WILLOW AVE, SIRT",S,O,,2,STATE,10/12/2018,5,5.284,GOOD,5351,24079500,40.61689682,-74.0745641,501,,
2249520,R,HANNAH ST,SIRT SOUTH SHORE,S,O,,10,STATE,10/17/2018,5,4.701,FAIR,13360,60120000,40.63622532,-74.0747643,501,,
2249530,R,MINTHORNE ST PED BRDG,SIRT SOUTH SHORE,S,PED-O,,26,CITY,12/19/2018,4,4.242,FAIR,6000,27000000,40.63776732,-74.07494904,501,,
2249580,R,BELFIELD AVE PED BRDG,SIRT SOUTH SHORE,S,PED-O,,5,CITY,09/28/2018,4,3.98,FAIR,400,1800000,40.54052663,-74.17817234,503,,
2249710,R,WEST FOOTBRIDGE,CLOVE LAKE,,PED-WO,P,2,CITY,05/22/2018,4,3.857,FAIR,900,4050000,40.61794255,-74.10862504,501,,
2249720,R,EAST FOOTBRIDGE,CLOVE LAKE,,PED-WO,P,2,CITY,05/14/2018,4,4.371,FAIR,900,4050000,40.61808248,-74.10798903,501,,
2249730,R,BRIDGE OVER DAM,N.END CLOVE LAKE,,PED-WO,P,1,CITY,05/21/2018,3,3.297,FAIR,1000,4500000,40.61986356,-74.11187501,501,,
2249760,R,MARTLINGS AVE,RICHMOND LAKE DAM,,WO,,2,STATE,06/05/2017,4,4.538,FAIR,7000,31500000,40.62268809,-74.11844083,501,,
2249770,R,S OF BROOKS LAKE,STREAM IN PARK,,PED-WO,P,3,CITY,11/26/2018,5,4.767,FAIR,700,3150000,40.62300705,-74.11844083,501,,
2249780,R,FOOTBRIDGE,BROOKS LAKE DAM,,PED-WO,P,1,CITY,07/30/2018,4,4.417,FAIR,800,3600000,40.62510006,-74.12120983,501,,
2249790,R,FB S OF FOREST AV,STREAM IN PARK,,PED-WO,P,3,CITY,09/20/2018,5,4.86,FAIR,700,3150000,40.62618371,-74.12218233,501,,
2249800,R,FOREST AVE,CLOVE LAKES PK STREAM,,WO,P,1,STATE,11/06/2017,4,5.077,GOOD,1610,7245000,40.62740966,-74.1225601,501,,
2249810,R,HYLAN BLVD,LEMON CREEK,,WO,,1,STATE,02/09/2018,6,6.344,VGOOD,11400,51300000,40.51766452,-74.20110582,503,,
2249820,R,ARTHUR KILL ROAD,ARTHUR KILL STREAM,,WO,,1,STATE,04/27/2017,4,4.97,FAIR,1562,7029000,40.52004008,-74.2398148,503,,
2249840,R,TOMPKINS AVE,GREENFIELD AVE,,O,,1,STATE,02/28/2018,5,4.64,FAIR,2690,12105000,40.61740041,-74.07490751,501,,
2249860,R,SLATER BLVD,NEW CREEK,,WO,,1,STATE,04/28/2017,5,6.053,VGOOD,2037,9166500,40.57744624,-74.08406008,502,,
2249870,R,TRAVIS AVE,MAIN CREEK,,WO,,1,STATE,10/30/2017,5,4.767,FAIR,1700,7650000,40.59838427,-74.17559457,502,,
2249880,R,CHELSEA ROAD,SAWMILL CREEK,,WO,,1,STATE,04/26/2017,6,6.791,VGOOD,2205,9922500,40.60814465,-74.18862198,502,,
2257569,M,MILLER HWY - RTE 9A,RIVERSIDE PARK SOUTH,,A,,64,STATE,10/13/2017,5,4.188,FAIR,272475,1226137500,40.77235088,-73.99417376,104,107,
2266129,Q,DOUGLASTON PKWY,BCIP SB,,A,,1,STATE,03/01/2018,5,6.211,VGOOD,4400,19800000,40.745574,-73.73508829,411,,
2266139,Q,DOUGLASTON PKWY,BCIP NB,,A,,1,STATE,03/09/2018,5,5.421,GOOD,6597,29686500,40.74579896,-73.73506792,411,,
2266149,Q,HEMPSTEAD AVE,BCIP RAMP NB,,A,,2,STATE,03/15/2018,4,4.982,FAIR,9711,43699500,40.71126798,-73.72796209,413,,
2266160,Q,678I SB TO BCIP EB,678I - BCIP JCT,,A,,1,STATE,06/08/2018,4,4.048,FAIR,2320,10440000,40.78950298,-73.82250677,407,,
2266229,M,HHP,PED PATH AT W148TH ST,,A,,1,STATE,01/30/2018,5,6.333,VGOOD,1920,8640000,40.82891233,-73.95038023,109,,
2266230,M,HHP NB,PED PATH INWOOD PK,,A,,1,STATE,01/19/2018,5,5.667,GOOD,917,4126500,40.87280072,-73.92828733,112,,
2266240,M,HHP SB,PED PATH INWOOD PK,,A,,1,STATE,01/19/2018,6,5.667,GOOD,1155,5197500,40.87277582,-73.92918228,112,,
2266540,B,278I,BRUCKNER BLVD,,A,,2,STATE,06/27/2017,4,4.46,FAIR,36465,164092500,40.80326424,-73.91659715,201,,
226672A,M,W 31ST ST,AMTRAK LAYUP TRACKS,A,O,,9,STATE,12/27/2018,5,3.255,FAIR,8800,39600000,40.7515072,-73.99764404,104,,
2266770,Q,BCIP,LAURELTON PKWY,,A,,1,STATE,03/16/2018,5,6.346,VGOOD,6408,28836000,40.68343388,-73.72667788,413,,
2267130,M,RIVERSIDE DRIVE,W 145TH ST,,O,,1,STATE,05/08/2017,5,6.565,VGOOD,5943,26743500,40.82705965,-73.95201125,109,,
2267160,Q,ROOSEVELT AVE,SHEA ROAD,,O,,4,STATE,07/21/2017,5,4.937,FAIR,7280,32760000,40.75285252,-73.85158476,408,,
2267199,Q,FRANCIS LEWIS BLVD,CUNNINGHAM PK RD,,O,,1,STATE,05/17/2017,6,4.231,FAIR,7181,32314500,40.72980252,-73.76861813,408,,
2267240,M,HRD RAMP TO GWB,HARLEM RVR DR SB,,A,,55,STATE,10/26/2017,4,3.222,FAIR,113936,512712000,40.844192,-73.93149397,112,,
2267250,M,HHP,AMTRAK - W96TH ST,A,A,,55,STATE,12/22/2017,4,3.339,FAIR,90550,407475000,40.79643165,-73.97599659,107,,
2267717,M,79 ST PED PLAZA,79 ST BT BASIN GAR,,A,P,10,STATE,07/05/2017,5,4.156,FAIR,29250,131625000,40.78587917,-73.98438689,107,,
2267718,M,79 ST TRAFFIC CIRC,79 ST PED PLAZA,,A,P,34,STATE,06/14/2017,4,3.537,FAIR,24130,108585000,40.78554845,-73.98456808,107,,
226771A,M,79 ST RAMP TO HHP,79 ST BT BASIN GAR,,AR,P,4,STATE,03/12/2018,5,3.515,FAIR,2918,13131000,40.78494578,-73.98477805,107,,
226771B,M,79 ST RAMP TO GAR,79 ST BT BASIN GAR,,AR,P,21,STATE,05/07/2018,5,4.735,FAIR,11828,53226000,40.78535589,-73.98491035,107,,
226771C,M,GAR RAMP TO 79 ST,79 ST BT BASIN GAR,,AR,P,21,STATE,05/07/2018,5,5.368,GOOD,9095,40927500,40.78613072,-73.9845603,107,,
226771D,M,SB HHP RAMP TO 79 ST,79 ST BT BASIN GAR,,AR,P,4,STATE,03/16/2018,5,4.926,FAIR,2943,13243500,40.7862283,-73.9839743,107,,
2267860,K,BROOKLYN BR APPROACH,STORAGE (SANDS ST),,O,,1,STATE,05/08/2018,5,6.203,VGOOD,6490,29205000,40.69983391,-73.98870089,302,,
2268350,K,BROOKLYN PROMENADE,278I EB  (BQE),,PED-A,P,35,CITY,08/24/2018,4,3.828,FAIR,46184,207828000,40.6924417,-73.99992582,302,,
2268480,M,CHAMBERS ST PED BRDG,RTE 9A - WEST ST,,PED-O,,10,CITY,06/13/2018,5,5.391,GOOD,7481,33664500,40.71715497,-74.01287164,101,,
2268497,K,278I W.B.  (B.Q.E.),FURMAN ST - 278I E.B.,,A,,45,STATE,09/28/2017,4,5,GOOD,86406,388827000,40.69973684,-73.99629527,302,,
2268498,K,278I E.B.  (B.Q.E.),278I WB  (BQE) - PROMENADE,,A,,69,STATE,10/19/2018,4,3.895,FAIR,133708,601686000,40.69953353,-73.99640214,302,,
2268507,K,278I W.B.  (B.Q.E.),YORK ST,,A,,6,STATE,07/12/2017,4,4.256,FAIR,10500,47250000,40.70102999,-73.98868823,302,,
2268508,K,278I E.B.  (B.Q.E.),278I W.B. (BQE) - BKLN BRDG,,A,,11,STATE,07/12/2017,4,5.16,GOOD,20529,92380500,40.7006902,-73.98869005,302,,
2268517,K,278I W.B.  (B.Q.E.),FURMAN ST,,A,,7,STATE,07/14/2017,4,5.227,GOOD,12243,55093500,40.6957919,-73.99830669,302,,
2268518,K,278I E.B.  (B.Q.E.),278I W.B. (B.Q.E.),,A,,5,STATE,07/14/2017,4,5.786,GOOD,9349,42070500,40.69590634,-73.99794266,302,,
2268650,M,FDR NB E42ND TO E49TH ST,EAST RIVER SHORELINE,,A,,119,STATE,10/31/2017,4,3.458,FAIR,24753,111388500,40.74885353,-73.96744685,106,,
2268760,M,PS-5 PED BRDG,TENTH AVE,,PED-O,,5,CITY,12/04/2018,4,4.362,FAIR,1285,5782500,40.85942624,-73.92250136,112,,
2268770,Q,SPRINGFIELD BLVD,EQUES. PATH (ABAND.),,O,,1,STATE,05/09/2017,6,4.238,FAIR,1619,7285500,40.73298637,-73.74672705,413,,
2268920,R,AMBOY ROAD,LEMON CREEK,,WO,,1,STATE,02/26/2018,6,5.808,GOOD,1376,6192000,40.52536291,-74.20928623,503,,
2269030,B,MATTHEWSON ROAD,MACCRACKEN AVE,,O,,15,STATE,09/20/2018,5,4.825,FAIR,14880,66960000,40.85266343,-73.92142851,205,,
2269190,M,W 70TH ST,AMTRAK,A,O,,3,STATE,12/16/2017,6,6.361,VGOOD,17258,77661000,40.77935789,-73.98752988,107,,
2269200,M,RIVERSIDE DRIVE SOUTH,AMTRAK,A,O,,11,STATE,12/16/2017,6,6.134,VGOOD,69040,310680000,40.77946565,-73.98786833,107,,
2269210,M,W 68TH ST,AMTRAK,A,O,,3,STATE,12/19/2017,7,6.821,VGOOD,5382,24219000,40.77800009,-73.98819849,107,,
2269240,M,RIVERSIDE DRIVE,W. 155TH ST,,O,,1,STATE,05/08/2017,4,5.261,GOOD,3526,15867000,40.83412596,-73.94892726,109,112,
2269390,M,W 66TH ST,AMTRAK,A,O,,2,STATE,10/01/2018,6,6.701,VGOOD,4493,20218500,40.77674,-73.98889,107,,
2269480,B,STARLIGHT PARK PED BRDG,BRONX RIVER,,PED-WO,P,1,CITY,05/23/2018,6,6.844,VGOOD,1906,8577000,40.8358,-73.88104,209,,
2269600,0,ERSKINE ST,BSHP,,A,,1,STATE,07/06/2018,6,5.75,GOOD,8325,37462500,40.65170605,-73.86574689,305,,
2269730,R,PARKING EXIT RAMP,SIRT,S,O,F,10,STATE,10/31/2018,6,6.028,VGOOD,20769,93460500,40.64291747,-74.07338051,501,,
2269740,R,BUS STATION NORTH,SIRT - FERRY TERMINAL,S,O,F,12,STATE,10/31/2018,6,6.607,VGOOD,64959,292315500,40.64359472,-74.07260846,501,,
2269750,R,BUS STATION SOUTH,SIRT - PARKING LOT,S,O,F,12,STATE,10/31/2018,6,5.946,GOOD,155022,697599000,40.64114072,-74.07400684,501,,
2269760,R,NORTH RAMP,SIRT,S,O,F,2,STATE,10/22/2014,7,6.431,VGOOD,6000,27000000,40.64442806,-74.07650364,501,,
2269770,R,BUS STA ENTR RAMP,SIRT,S,O,F,19,STATE,11/03/2017,5,5.694,GOOD,39333,176998500,40.64283251,-74.0724803,501,,
2269780,R,PARKING ENTR RAMP,SIRT,S,O,F,3,STATE,10/31/2018,6,6.472,VGOOD,8589,38650500,40.64233972,-74.07464785,501,,
2269790,R,BUS STATION EXIT RAMP,SIRT,S,O,F,7,STATE,10/31/2018,6,5.917,GOOD,28182,126819000,40.64294527,-74.07506944,501,,
2269820,M,E 81 ST PED BRDG,FDR DRIVE N.B.,,PED-A,P,3,CITY,06/08/2014,3,3.439,FAIR,600,2700000,40.77150123,-73.94658164,108,,
2269980,M,W 64TH ST,AMTRAK,A,O,,2,STATE,10/01/2018,6,6.731,VGOOD,5204,23418000,40.77521,-73.98945,107,,
2270030,B,E 156TH ST,ACCESS TO HOUSING,,O,ED,16,STATE,11/11/2018,4,3.94,FAIR,50830,228735000,40.82320964,-73.92169809,204,,
2270170,R,SI FERRY PED BRDG,PARKING LOT EXIT RDWY,,PED-O,F,5,CITY,05/31/2018,5,5.6,GOOD,2917,13126500,40.64340291,-74.07200809,501,,
2270180,R,BOROUGH PLACE - RAMP A,STATEN ISLAND RAILWAY,S,O,F,1,STATE,06/01/2018,7,6.224,VGOOD,1870,8415000,40.64224634,-74.07429076,501,,
2270250,B,BROOKE AVE,CSX TRANS - PT MORRIS (ABAND),,O,,1,STATE,06/26/2018,4,4.388,FAIR,21035,94657500,40.82148921,-73.91116345,201,,
2270890,R,SPRINGVILLE GREENWAY PED,FRESHWATER WETLANDS,,PED-O,P,1,CITY,03/28/2018,7,6.869,VGOOD,273,1228500,40.59604,-74.16875,502,,
2270970,BM,RANDALL'S ISLAND CONN. PED,BRONX KILL,,PED-WO,P,6,CITY,04/03/2018,6,6.07,VGOOD,3040,13680000,40.79777,-73.91634,111,201,
2271180,M,RIVERSIDE PARK - SOUTH,AMTRAK EMPIRE LINE,A,PED-O,P,171,PARKS,01/25/2018,5,4.064,FAIR,252728,1137276000,40.79257759,-73.97857709,107,,
2271190,M,RIVERSIDE PARK - NORTH,AMTRAK EMPIRE LINE,A,PED-O,P,403,PARKS,02/23/2018,3,2.854,POOR,526320,2368440000,40.80476925,-73.96946622,107,,
227128A,M,W 151ST ST PED -WEST RAMP,RIVERSIDE PARK,,PED-A,P,8,CITY,08/23/2018,7,6.851,VGOOD,3375,15187500,40.83092592,-73.9512389,109,,
2271310,Q,MOTOR PKWY (PED),ALLEY POND PARK PED,,PED-O,P,1,CITY,08/03/2018,4,4.389,FAIR,798,3591000,40.73926043,-73.7407638,411,,
2300130,Q,ROCKAWAY BLVD,HOOK CREEK,,WO,,3,STATE,07/12/2017,6,4.963,FAIR,18302,82359000,40.63524204,-73.73991959,413,,
7703720,Q,216TH ST PED BRDG,LIRR PORT WASH BR,L,PED-O,,6,CITY,06/06/2018,1,1,CLOSED,960,4320000,40.76359815,-73.76651642,411,,
7705510,Q,167TH ST PED BRDG,LIRR PORT WASH BR,L,PED-O,,3,CITY,06/07/2018,4,4,FAIR,840,3780000,40.76143432,-73.79912479,407,,
M00001,M,W191ST ST PED TNL,BROADWAY - IRT #1 SUBWAY,,PED-O,,1,CITY,01/03/2018,4,4,FAIR,2000,9000000,40.8567168,-73.93262568,112,,
M00003,M,HHP ON/OFF RMP-79TH ST SO. SIDE,PED PATH SO. OF 79TH ST,,A,,1,CITY,06/06/2018,4,4.5,FAIR,846,3807000,40.78484092,-73.98368415,107,,
M00004,M,HHP ON/OFF RMP-79TH ST NO. SIDE,PED PATH NO. OF 79TH ST,,A,,1,CITY,06/06/2018,4,4.467,FAIR,846,3807000,40.78571513,-73.98305938,107,,
M00005,M,E 72ND ST,FDR SB EXIT RAMP,,PED-A,,1,CITY,06/02/2018,5,4.75,FAIR,1430,6435000,40.76591809,-73.95159803,108,,
